getting hungry,communicating with others,feeling embarrassed,feeling happy,perceiving depth,holding beliefs,imagining,considering choices,feeling tired,having a personality,having desires,having free will,having intentions,experiencing pride,feeling love,paying attention,telling right from wrong,admiring someone,exercising self-restraint,feeling depressed,feeling calm,knowing things,experiencing pleasure,reasoning about things,getting angry,doing computations,having intelligence,being conscious,seeing things,understanding how others are feeling,being self-aware,working toward a goal,experiencing joy,remembering things,detecting sounds,making choices,feeling disrespected,experiencing fear,recognizing someone,having thoughts,all_items,body-heart-mind_body,body-heart-mind_heart,body-heart-mind_mind,condition,participant_id
1,7,1,3,2,1,6,5,1,2,3,2,5,5,2,7,4,4,7,1,2,7,2,7,1,4,7,2,3,4,6,7,3,7,7,7,1,1,6,4,3.925,2.2666666666666666,3.75,6.0,Intentional,66fc12c9f1dfb65972597a3f
1,6,1,1,6,1,1,6,1,4,1,1,1,1,1,6,1,1,1,1,1,7,1,4,1,7,7,6,6,1,1,1,1,7,6,6,1,1,4,6,2.95,1.8666666666666667,1.75,5.3076923076923075,Mechanistic,6674e27d7068f7b381b54c73
1,5,1,1,3,3,4,5,1,2,1,2,4,2,1,6,3,1,4,1,1,5,1,4,1,7,6,2,2,2,4,4,1,5,3,4,1,1,3,2,2.75,1.4666666666666666,2.75,4.230769230769231,Functional,610786681f59e722c0a8b371
1,7,2,3,4,4,4,6,2,4,2,2,2,2,2,7,4,3,3,1,2,7,2,4,3,7,6,2,3,3,3,7,3,7,6,6,2,1,7,3,3.725,2.2666666666666666,3.1666666666666665,5.923076923076923,Functional,66952d5507cd937cf7c2a35d
1,6,1,1,5,1,1,7,1,5,1,1,1,1,1,7,5,1,5,1,1,7,1,7,1,7,6,1,1,4,1,5,1,6,1,7,1,1,1,1,2.85,1.2666666666666666,2.9166666666666665,4.615384615384615,Mechanistic,6157d22b9998f96a77f41567
1,5,1,1,2,1,1,5,1,1,1,1,1,1,1,5,1,1,1,1,1,7,1,4,1,7,7,1,1,1,1,5,1,7,4,4,1,1,1,3,2.3,1.1333333333333333,1.75,4.153846153846154,Baseline,60fdca1a87839971dfef0270
1,7,4,5,5,3,6,7,1,5,4,3,3,5,2,7,6,4,3,2,7,7,3,7,2,3,7,5,2,6,3,6,2,6,5,7,3,2,6,6,4.45,3.4,4.083333333333333,6.0,Intentional,6667897db5b8a719d60f6a78
1,6,1,1,5,1,1,4,1,1,1,1,2,1,1,6,4,1,5,1,1,6,1,6,1,7,7,1,2,3,1,5,1,5,7,5,1,1,5,1,2.8,1.0666666666666667,2.6666666666666665,4.923076923076923,Mechanistic,660fe96bec471c577df15004
1,5,1,1,1,1,4,7,1,2,1,1,1,1,1,7,4,1,1,1,7,1,1,4,1,7,3,3,1,7,1,7,1,7,3,7,1,1,1,2,2.725,1.6666666666666667,2.5,4.153846153846154,Baseline,5bf628eb7ea49f0001baa974
1,6,3,1,1,1,2,6,1,4,1,3,5,1,2,7,4,1,4,1,3,7,2,4,2,7,6,1,1,6,2,6,3,7,6,7,2,1,4,4,3.4,2.2666666666666666,3.0,5.076923076923077,Intentional,63d000d62878aa92b833c5fc
1,4,1,1,2,1,4,7,1,1,1,4,4,1,1,7,1,1,2,1,2,7,1,6,1,7,7,1,7,1,1,7,1,7,6,7,2,1,7,1,3.15,1.4666666666666666,2.0833333333333335,6.076923076923077,Baseline,668810c0faefd59a813116d1
1,2,1,1,4,1,1,2,1,1,1,1,1,1,1,4,2,1,1,1,1,6,1,5,1,7,2,1,3,1,1,1,1,7,7,2,1,1,4,1,2.075,1.0,1.9166666666666667,3.4615384615384617,Functional,6658ac58db696fd87fa469a1
1,5,1,1,6,1,1,4,1,1,1,1,1,1,1,2,1,1,1,1,1,4,1,1,1,7,5,1,1,3,1,1,1,5,6,3,1,1,3,1,2.025,1.0,1.6666666666666667,3.5384615384615383,Mechanistic,60fef0b2ee71638be88882d9
5,6,3,5,5,5,5,5,5,5,5,5,5,5,7,6,5,5,5,3,5,5,5,5,3,5,5,5,5,5,5,5,5,5,6,5,3,5,5,5,4.925,5.0,4.5,5.230769230769231,Baseline,66642dcf0a7985382b3dd614
1,5,1,1,6,2,3,6,1,4,1,1,4,1,1,7,2,1,4,1,1,2,1,5,1,7,6,1,1,4,1,7,1,7,4,6,1,1,5,1,2.9,1.4,2.5,5.0,Intentional,663fbfc8c8c814ee81e8037c
1,7,1,1,1,1,1,2,1,2,1,1,3,1,1,7,1,1,1,1,4,7,1,2,1,7,2,1,1,1,1,2,1,2,6,1,1,1,3,1,2.05,1.4,1.5833333333333333,3.230769230769231,Functional,671806b3171e9a08f5c29cc6
1,6,1,1,2,2,6,5,1,1,2,2,4,1,1,4,1,2,1,1,1,6,1,4,1,7,4,1,4,3,3,6,1,5,4,5,1,1,3,2,2.7,1.4,2.25,4.615384615384615,Functional,63643728a38eaad0e7a70ee4
1,7,1,1,4,1,5,6,1,2,1,1,1,1,1,7,4,1,1,1,1,6,1,6,1,7,6,1,4,1,1,6,1,6,6,6,1,1,5,4,2.975,1.2666666666666666,2.1666666666666665,5.6923076923076925,Mechanistic,63e688adbc8788de6d596c93
2,4,1,1,2,2,1,3,2,2,3,1,1,1,2,3,1,3,1,1,2,1,2,3,2,4,3,2,3,2,2,3,1,3,3,2,1,2,4,2,2.1,1.8,1.8333333333333333,2.6923076923076925,Baseline,660d8339e3959e36a28f4688
1,7,1,1,3,1,2,7,1,7,1,1,2,1,1,7,7,1,7,1,1,7,1,7,1,7,4,1,4,4,1,7,1,7,7,7,1,1,4,4,3.425,1.6666666666666667,3.25,5.615384615384615,Intentional,5f627a1e4b807f1aa7e35280
1,7,3,2,5,2,4,6,1,1,2,2,5,1,1,6,4,3,4,1,4,7,1,6,1,7,7,1,4,3,3,7,1,6,6,7,1,1,6,1,3.525,1.6666666666666667,3.1666666666666665,6.0,Functional,6104b1c50f6057c1d8a6e3a6
1,7,3,2,3,4,4,7,1,2,1,1,3,4,1,7,7,3,7,1,5,7,3,7,2,7,6,2,1,3,2,6,2,7,7,4,2,1,4,4,3.775,2.066666666666667,4.166666666666667,5.384615384615385,Mechanistic,665c971906663c8ee2cd29fd
1,5,1,1,6,2,2,5,1,1,1,1,1,1,1,6,1,1,4,1,1,6,1,4,1,7,5,1,3,2,3,4,1,6,4,4,1,1,6,2,2.65,1.0666666666666667,2.3333333333333335,4.769230769230769,Mechanistic,6720f4ced2a11d4e702566fa
1,6,1,1,5,1,2,5,1,1,1,2,2,1,1,4,2,1,1,1,1,7,1,4,1,7,4,2,5,4,1,5,1,6,5,5,1,1,4,1,2.65,1.2,2.0833333333333335,4.846153846153846,Functional,609c6cc79875c8f0ba5d2242
1,7,1,1,4,1,2,7,1,5,1,1,4,1,1,7,4,1,1,1,1,7,1,7,1,7,7,1,4,4,6,7,1,7,7,4,1,1,6,1,3.325,1.4666666666666666,2.9166666666666665,5.846153846153846,Intentional,66fb204e6f9c5dde6c9c87d3
1,7,1,1,4,1,1,7,1,1,1,1,3,1,1,7,4,1,1,1,1,6,1,4,1,7,6,1,1,3,1,6,1,7,3,4,1,1,4,1,2.65,1.1333333333333333,2.1666666666666665,4.846153846153846,Mechanistic,6643bd1dca5159b0259a3787
1,7,1,1,3,1,3,6,1,4,1,1,1,1,1,6,4,1,4,1,1,4,1,5,1,7,6,2,3,1,2,5,1,4,5,7,1,1,1,4,2.775,1.4666666666666666,2.4166666666666665,4.615384615384615,Functional,65e8d383f3c7e1afd7b5c98f
1,4,1,1,2,1,1,1,1,1,1,1,1,1,1,4,1,1,2,1,1,2,1,4,1,7,2,1,1,1,1,5,1,4,4,1,1,1,2,2,1.775,1.0666666666666667,1.8333333333333333,2.5384615384615383,Functional,5bb686b88f1e5f0001cca136
1,6,1,1,1,3,4,6,1,3,2,3,6,1,1,6,5,1,4,1,1,7,1,6,1,7,6,5,2,3,3,6,2,7,5,5,1,1,4,3,3.325,2.1333333333333333,3.0,5.0,Intentional,653d144d2e894446d55babdb
1,7,1,1,4,1,1,7,1,2,1,1,7,1,1,5,1,1,1,1,1,7,1,3,1,7,7,1,7,2,1,7,1,7,7,7,1,1,7,1,3.075,1.4666666666666666,1.75,6.153846153846154,Intentional,66d37eb06bdceba4904b950f
1,5,1,5,1,6,5,6,1,1,1,1,4,1,1,6,4,1,1,1,1,5,1,6,1,7,6,6,1,6,5,7,1,4,4,6,1,1,2,1,3.125,1.8,3.3333333333333335,4.461538461538462,Mechanistic,6601e907e7ad2fffeefac24d
1,7,1,1,6,1,1,5,1,1,1,1,1,1,1,7,4,1,1,1,1,7,1,6,1,7,7,1,1,1,1,7,1,7,6,6,1,1,1,6,2.85,1.3333333333333333,2.1666666666666665,5.230769230769231,Mechanistic,663abe859bcc3ea8ef9bbdf3
1,7,1,1,4,1,4,3,1,1,1,1,2,3,1,7,1,1,4,1,4,7,1,5,1,7,7,1,1,1,1,6,1,5,1,4,1,1,1,2,2.6,1.3333333333333333,2.25,4.384615384615385,Functional,66293db7e0d7455abf6064c1
1,6,1,1,3,1,2,7,1,3,1,1,7,2,4,1,6,2,2,1,1,7,1,4,1,6,7,1,2,1,1,7,1,7,7,7,1,1,6,1,3.075,1.7333333333333334,2.3333333333333335,5.3076923076923075,Mechanistic,66709a4a49e9bb2c80c53c27
1,5,1,1,3,1,2,3,1,1,1,1,2,1,1,6,3,2,6,1,6,5,1,3,1,7,3,2,1,2,3,6,1,5,1,3,1,1,5,2,2.55,1.5333333333333334,2.5833333333333335,3.6923076923076925,Baseline,5ec5a64c306f255ec98d5cc1
1,6,1,1,1,1,1,3,1,1,1,1,1,1,1,4,4,1,1,1,1,5,1,4,1,7,3,1,1,2,1,7,1,6,4,2,1,1,3,1,2.15,1.0,2.0833333333333335,3.5384615384615383,Baseline,6091b418d1cddb4526a44543
1,5,2,1,3,1,2,6,1,2,2,2,4,2,1,5,4,2,4,1,4,6,1,4,1,7,4,2,3,3,2,4,1,6,6,5,1,1,4,1,2.925,1.6666666666666667,2.75,4.538461538461538,Baseline,5cb128db0d14d3001838eef5
1,4,1,1,3,1,2,4,1,2,1,1,1,1,1,5,2,1,1,1,1,5,1,3,1,4,4,1,1,1,2,4,1,5,2,5,1,1,1,1,2.0,1.0666666666666667,1.5833333333333333,3.4615384615384617,Baseline,6672eee8c7d87f9253d0bdf3
1,4,1,1,1,1,1,1,1,1,1,1,1,1,1,1,6,1,1,1,1,7,1,1,1,5,7,1,1,5,2,1,1,4,3,1,1,1,4,1,1.925,1.0,2.1666666666666665,2.769230769230769,Functional,671f1fb636ac7928d95d1c32
1,7,1,4,6,4,6,6,1,5,1,5,5,4,5,7,5,6,6,1,7,7,3,7,1,7,7,4,6,7,4,6,4,7,7,5,2,1,7,5,4.75,3.466666666666667,4.5,6.461538461538462,Intentional,66fad1e759ab665c0c93429a
1,7,1,1,1,1,7,7,1,4,1,1,1,1,1,7,1,1,1,1,1,7,1,7,1,7,7,1,1,7,1,7,1,7,7,7,1,1,7,1,3.175,1.2,2.5,6.076923076923077,Functional,6238dfab577ecd4adb97a917
1,4,1,1,1,1,1,5,1,2,1,1,1,1,1,5,5,1,1,1,1,5,1,6,1,6,5,1,1,1,1,5,1,5,1,5,1,2,1,1,2.175,1.1333333333333333,2.1666666666666665,3.3846153846153846,Baseline,60fd201ddecfacd72eccae7f
1,7,1,1,4,2,1,7,1,4,1,1,4,1,1,7,6,1,4,1,4,7,1,7,1,7,7,1,1,4,2,7,1,7,1,7,2,1,7,1,3.3,1.6,3.1666666666666665,5.384615384615385,Mechanistic,5eb070eb793af1113c01e244
1,1,1,1,2,5,3,1,1,1,1,1,1,1,1,7,1,2,2,1,1,5,1,1,1,3,6,1,1,2,2,1,2,7,2,1,1,3,1,2,1.975,1.2666666666666666,1.8333333333333333,2.923076923076923,Intentional,5bef64b373e44f0001092811
1,7,1,1,4,1,4,7,1,1,1,1,1,1,1,7,7,4,1,1,1,7,1,1,1,7,7,1,2,5,1,1,1,4,4,3,1,1,1,1,2.6,1.0,2.5833333333333335,4.461538461538462,Intentional,60e9fd8a2f52070be49cf317
1,7,4,2,4,4,4,7,1,4,1,1,4,3,1,6,4,4,2,1,4,7,1,7,2,7,7,4,6,5,4,6,2,7,7,7,2,1,6,5,4.05,2.2666666666666666,3.9166666666666665,6.230769230769231,Intentional,66acf7e114ccc48c4f7f9594
1,2,1,1,1,1,3,2,1,1,1,1,1,1,2,5,1,1,1,1,3,3,1,4,1,6,1,2,1,1,1,1,1,4,1,2,1,1,2,1,1.675,1.2666666666666666,1.6666666666666667,2.1538461538461537,Mechanistic,5dac90fbfbeead001454c91f
1,4,1,1,1,1,1,3,1,1,1,1,1,1,1,4,1,1,1,1,1,1,1,1,1,7,1,1,1,1,1,5,1,3,4,4,1,1,1,1,1.65,1.0,1.5,2.5384615384615383,Mechanistic,664600659955d0c027c5dc06
1,4,1,1,4,1,2,5,1,3,1,2,2,2,1,5,5,1,3,1,1,6,1,5,2,6,4,2,1,3,3,3,2,5,2,4,1,1,4,2,2.6,1.5333333333333334,2.6666666666666665,3.769230769230769,Functional,65959a63cb30f7348aba06f0
1,7,1,1,4,1,7,7,1,1,1,1,1,1,1,7,6,1,1,1,1,7,1,7,1,7,7,1,1,1,1,7,1,7,7,7,1,1,7,1,3.15,1.0,2.4166666666666665,6.3076923076923075,Functional,66d804534578af1dec99f245
1,6,1,1,4,1,1,6,1,1,1,1,1,1,1,6,6,1,4,1,1,6,1,4,1,7,6,1,4,1,1,4,1,6,6,5,1,1,4,1,2.7,1.0,2.4166666666666665,4.923076923076923,Baseline,5e307edef5abed05e1736185
1,6,2,2,5,1,4,6,1,1,1,1,2,2,2,5,2,2,1,1,1,6,2,4,1,7,7,2,5,4,1,3,1,7,5,5,2,1,4,2,2.95,1.4,2.4166666666666665,5.230769230769231,Mechanistic,66e7853b4e311a12f93b5411
1,7,1,1,7,1,7,7,1,1,1,1,1,1,1,7,6,1,1,1,1,7,1,7,1,7,7,1,7,3,1,7,1,7,7,7,1,1,7,1,3.425,1.0,2.5833333333333335,7.0,Functional,65cf6bcf11dca2196c5f9156
1,6,2,2,3,2,3,5,2,3,2,2,3,2,2,4,3,2,3,2,2,5,2,4,2,6,5,3,4,3,2,4,2,5,5,4,2,2,4,3,3.075,2.2,2.75,4.384615384615385,Functional,66f2b62e0ed36bbf5a254874
1,6,1,1,1,1,1,6,1,1,1,1,1,1,1,1,1,1,1,1,1,7,1,4,1,7,7,1,1,1,1,1,1,5,1,4,1,1,4,1,2.025,1.0,1.75,3.4615384615384617,Intentional,5ea720a669cae10d910fba3e
1,5,1,1,4,4,2,5,1,4,1,2,2,2,1,7,2,2,4,1,2,5,1,5,1,7,4,4,4,2,4,4,1,6,2,5,1,2,5,2,2.975,1.7333333333333334,2.9166666666666665,4.461538461538462,Mechanistic,55cce6ea34e90600058d1e6d
1,5,4,5,5,3,4,5,1,4,3,3,4,5,6,7,6,4,3,3,7,7,3,5,4,7,6,3,1,5,1,1,3,7,7,6,4,2,1,5,4.15,3.6,4.166666666666667,4.769230769230769,Intentional,5dea9fb3cb53ca1cda9f6116
1,5,1,3,3,1,2,5,1,1,2,1,1,1,1,6,4,1,3,1,4,6,1,4,1,7,5,1,1,3,1,4,1,7,5,6,1,1,5,1,2.725,1.4,2.3333333333333335,4.615384615384615,Intentional,5484739ffdf99b0379939c95
1,7,1,1,6,4,6,7,1,5,1,1,7,1,1,7,4,1,4,1,1,7,1,7,1,7,7,1,6,6,4,7,1,7,7,7,1,1,7,6,3.975,2.0,3.4166666666666665,6.769230769230769,Intentional,5b915c9d22d85d000115c0f5
1,5,1,1,5,1,6,7,1,2,2,4,2,1,1,7,3,1,3,1,1,7,1,4,1,7,7,4,1,3,2,5,1,7,4,7,2,1,3,4,3.175,1.8,2.4166666666666665,5.461538461538462,Mechanistic,66df3be52e3a37738fecdf1a
1,5,2,2,5,2,2,6,1,2,1,1,2,2,2,5,3,2,2,1,2,5,2,5,2,6,6,2,2,4,2,6,2,6,5,6,2,2,2,2,3.0,1.7333333333333334,2.75,4.6923076923076925,Functional,662a94bd827a5f8f446898e9
1,7,1,2,6,2,3,7,1,5,4,1,3,1,1,7,3,4,3,1,2,7,1,7,1,7,7,2,4,4,2,6,1,7,6,7,2,1,6,3,3.65,1.9333333333333333,3.0833333333333335,6.153846153846154,Intentional,66428090de7c2db3caed1c77
1,7,1,1,1,1,1,7,1,1,1,1,1,1,1,7,1,1,1,1,1,1,1,1,1,7,1,1,6,4,1,7,1,7,7,7,1,1,6,1,2.525,1.0,1.75,5.0,Intentional,6150520d0e7c916e822a0021
1,7,1,1,7,1,7,7,1,4,1,1,4,1,1,7,5,1,1,1,1,7,1,7,1,7,1,4,7,6,7,7,1,7,7,7,1,1,7,1,3.7,1.6,3.25,6.538461538461538,Baseline,66b96bfa2e1bcb29130584f9
1,7,1,1,1,1,1,7,1,1,1,1,4,1,1,1,1,1,1,1,1,4,1,1,1,7,1,1,1,1,7,1,1,1,1,7,1,1,1,1,1.9,1.2,2.0,2.6153846153846154,Functional,5f1c72e25a26d503c77bfdc9
1,6,1,1,3,1,5,6,1,3,4,4,3,2,3,5,6,2,4,1,4,6,6,5,1,7,6,3,6,4,4,6,2,5,6,5,3,2,5,5,3.825,2.8666666666666667,3.3333333333333335,5.384615384615385,Baseline,669947f3d6180e5c8b4712df
1,4,1,1,1,1,1,7,1,1,1,1,1,1,1,7,1,1,1,1,1,7,1,7,1,7,7,1,1,1,1,1,1,1,7,7,1,1,7,1,2.425,1.0,2.0,4.461538461538462,Mechanistic,662b1b309c88426e84dbe4ae
1,6,1,1,1,4,1,7,1,1,1,1,1,1,1,7,1,1,4,1,1,4,1,4,1,7,1,1,1,1,1,3,1,4,1,6,1,1,1,1,2.125,1.0,2.25,3.3076923076923075,Mechanistic,6653ae434d386b6218f51efb
1,7,1,1,7,1,1,7,1,3,1,1,4,1,1,7,7,1,4,1,4,7,3,6,1,7,7,4,7,4,6,7,1,7,7,7,1,1,7,4,3.9,2.066666666666667,3.3333333333333335,6.538461538461538,Intentional,5e9fc65dee2ccf178f0e413f
1,7,1,1,2,1,4,7,1,4,1,5,2,1,1,6,3,1,5,1,1,7,1,5,1,7,6,4,2,3,4,6,1,6,7,7,3,1,7,5,3.475,2.0,2.9166666666666665,5.6923076923076925,Baseline,66aa356e2db1ae29fa7bba0b
1,5,1,1,1,1,1,6,1,1,1,1,1,1,1,5,2,1,1,1,1,5,1,4,1,7,1,1,1,3,1,1,1,7,1,2,1,1,1,1,1.9,1.0,2.0,2.8461538461538463,Functional,5ed65e4eeb466b0711c2df81
1,7,1,1,4,4,7,7,1,4,1,1,4,1,1,5,5,3,3,1,1,7,1,7,1,6,7,1,4,6,1,4,1,5,2,7,1,1,4,1,3.25,1.4,3.25,5.384615384615385,Functional,66196025cdd89ad566b0bf55
1,7,1,1,1,1,1,7,1,1,1,1,1,1,1,1,1,1,1,1,1,1,1,2,1,7,1,1,1,1,1,1,1,1,4,6,1,1,1,1,1.675,1.0,1.5833333333333333,2.5384615384615383,Baseline,5c979fed3926fd0019b6c87b
1,7,1,1,6,1,1,7,1,2,1,4,7,1,1,7,1,1,7,1,1,4,1,6,1,7,7,2,6,4,4,5,1,7,7,7,1,1,7,2,3.5,1.8,2.9166666666666665,6.0,Baseline,5df97cf6deea2b70989b6528
1,6,1,1,2,4,3,7,1,3,1,2,5,1,1,6,4,3,1,1,1,6,1,6,1,7,5,1,1,3,2,6,1,7,1,7,1,1,7,5,3.1,1.7333333333333334,2.8333333333333335,4.923076923076923,Baseline,664268009ad967932d60653c
1,7,1,1,5,1,2,6,1,2,1,1,3,1,1,7,2,1,1,1,1,5,1,3,1,5,2,1,5,2,1,4,1,6,5,5,1,1,5,2,2.575,1.2666666666666666,1.6666666666666667,4.923076923076923,Baseline,5be4a56496656d00010c9e3c
1,4,1,1,1,1,1,6,1,1,1,1,1,1,1,6,1,1,1,1,1,7,1,5,1,7,6,1,4,1,1,7,1,6,1,4,1,1,4,4,2.425,1.2,1.8333333333333333,4.384615384615385,Baseline,611267d44fb8536ce68fe464
1,5,1,5,1,1,1,2,1,1,1,1,2,2,1,5,4,1,1,1,4,1,3,1,2,4,5,2,2,2,4,4,1,6,6,1,1,4,6,1,2.45,2.0,1.9166666666666667,3.4615384615384617,Baseline,6702c46497ec60cf80552a4f
1,4,1,1,1,1,1,6,1,4,1,1,4,1,1,4,4,1,1,1,1,7,1,4,1,7,4,1,1,1,1,4,1,7,4,6,1,1,4,1,2.45,1.4,2.0,4.076923076923077,Baseline,6605f4c6a2c9597314b742dc
1,5,1,1,4,1,5,7,1,1,1,1,1,1,1,6,6,1,4,1,1,7,1,4,1,7,4,1,1,4,4,6,1,4,4,7,1,1,1,1,2.775,1.0,2.9166666666666665,4.6923076923076925,Baseline,6644ba0cfa5897d92ceb35fd
1,7,1,1,7,1,6,1,1,1,1,1,7,1,1,7,1,1,1,1,1,7,1,7,1,7,7,1,7,1,1,6,1,7,7,1,1,1,7,4,3.125,1.6,2.0,5.923076923076923,Baseline,63d6873b65a6170d64a652f6
1,6,1,1,1,1,1,1,1,1,1,1,1,1,1,7,1,1,1,1,1,7,1,1,1,7,7,1,4,1,1,1,1,5,5,1,1,1,6,1,2.125,1.0,1.5,4.0,Mechanistic,652ab7948cb59f4c50c7972a
1,7,1,1,2,1,2,5,1,5,1,1,2,1,1,1,1,1,1,1,1,7,1,7,1,7,4,1,1,4,2,1,1,7,2,5,1,1,2,2,2.375,1.4,2.3333333333333335,3.5384615384615383,Intentional,6706aba2e8cd3166492dd09f
1,3,1,1,2,1,4,4,1,1,1,1,4,1,1,4,4,1,7,1,1,5,1,4,1,7,6,1,1,2,1,3,1,3,1,2,1,1,1,1,2.2,1.2,2.5833333333333335,3.0,Functional,65a2db4e9a411183fafb9f1a
2,6,2,2,2,1,4,1,1,2,2,3,2,2,2,2,2,2,2,1,1,4,2,4,1,7,5,4,3,4,2,5,1,4,3,3,1,2,1,1,2.525,1.8666666666666667,2.5,3.3076923076923075,Mechanistic,66cd392e838ef435024cc78e
1,7,1,1,4,1,1,4,1,4,1,1,1,1,1,7,4,1,5,1,1,7,1,7,1,7,4,1,1,4,1,7,1,7,4,4,1,1,6,1,2.875,1.2,2.8333333333333335,4.846153846153846,Intentional,62eec7fbf90e6d75b70e6e2c
1,7,1,1,5,1,6,7,1,1,1,1,2,1,1,7,4,1,5,1,1,7,1,7,1,7,4,1,6,6,2,7,1,7,5,7,1,1,4,1,3.3,1.0666666666666667,3.0833333333333335,6.076923076923077,Mechanistic,67213ef68fb44353322d541c
1,7,3,1,7,1,5,7,1,1,1,4,3,1,1,4,7,1,1,1,4,7,1,7,1,7,7,4,4,6,2,7,1,5,4,4,6,1,2,4,3.55,1.9333333333333333,3.5833333333333335,5.384615384615385,Functional,65c9fbbbd65ef3e220512254
1,7,1,1,7,1,5,6,1,6,2,1,5,1,1,7,4,1,4,1,2,7,1,7,1,7,6,1,6,6,1,7,1,7,7,6,1,1,5,2,3.625,1.8,2.9166666666666665,6.384615384615385,Intentional,63f8aeb6c9098e0ef3bf3553
1,5,1,1,4,1,5,5,1,1,1,1,1,1,1,6,1,1,3,1,1,5,1,3,1,6,6,1,3,1,2,5,1,5,3,6,1,1,1,1,2.4,1.0,1.8333333333333333,4.538461538461538,Mechanistic,66db57436e245785bb79ad61
1,5,2,2,4,5,6,7,1,4,4,3,6,4,2,7,5,4,4,2,2,7,2,6,3,7,7,4,5,5,6,7,2,7,6,6,2,1,7,6,4.4,2.8666666666666667,4.333333333333333,6.230769230769231,Functional,671947f9cb900922e7ae70e0
1,7,1,1,6,1,1,7,1,3,1,1,1,1,1,4,5,1,1,1,1,7,1,7,1,7,4,1,1,6,1,6,1,7,7,7,1,1,7,1,3.025,1.1333333333333333,2.75,5.461538461538462,Functional,662948ed99960b11f2f8e3fe
1,7,1,1,7,1,1,1,1,1,1,1,1,1,1,7,1,1,1,1,7,7,1,5,1,7,1,1,1,1,1,7,1,7,7,4,1,1,7,1,2.675,1.4,1.8333333333333333,4.923076923076923,Baseline,5f5aa7cb8578071a89a1c48d
1,5,1,1,3,1,2,2,1,4,1,1,4,1,1,5,3,1,2,1,1,1,1,2,1,7,4,1,2,4,1,7,1,7,7,5,1,1,4,1,2.5,1.4,2.0833333333333335,4.153846153846154,Intentional,66a2812744e8026f80ef0879
1,6,1,1,1,1,1,6,1,1,1,1,1,1,1,6,4,2,4,1,1,6,1,4,1,7,4,1,6,3,1,5,1,7,6,6,1,1,7,2,2.825,1.0666666666666667,2.5,5.153846153846154,Mechanistic,60e49d8302404edb1e133168
2,7,7,7,4,7,7,5,4,7,4,4,7,7,7,7,4,4,4,4,7,7,7,6,7,7,4,4,7,4,4,7,7,7,7,7,7,7,7,4,5.825,5.666666666666667,5.416666666666667,6.384615384615385,Intentional,6633770ec55dab4584a0d4ba
1,7,1,1,4,2,5,7,1,1,1,2,2,1,1,5,2,2,3,1,1,3,1,2,1,6,1,1,1,1,1,7,1,4,6,7,1,1,6,1,2.575,1.1333333333333333,1.9166666666666667,4.846153846153846,Mechanistic,66d45cfea0a63b24c1da77ad
1,7,1,1,1,1,7,4,1,1,1,1,1,1,1,7,4,2,4,1,4,7,1,7,1,7,7,1,4,4,1,2,1,7,7,7,1,1,3,1,3.05,1.2,2.8333333333333335,5.384615384615385,Functional,56db4c217dcddf000bd5853c
1,4,1,1,1,1,1,3,1,3,1,1,1,1,1,6,1,1,1,1,1,7,1,2,1,7,2,1,1,1,1,6,1,6,4,4,1,1,2,1,2.075,1.1333333333333333,1.5833333333333333,3.6153846153846154,Baseline,6150c44b0ff4d92f7621a17c
1,4,1,1,2,1,7,2,1,1,1,1,1,1,1,1,1,1,1,1,1,7,1,3,1,7,2,1,1,1,1,5,1,7,3,3,1,1,4,1,2.075,1.0,1.6666666666666667,3.6923076923076925,Baseline,66c7f280d6cde03f250ffded
1,7,1,1,1,1,1,7,1,4,1,1,7,1,1,7,4,1,7,1,1,7,1,7,1,4,3,1,1,7,1,7,1,6,1,7,1,1,1,1,2.9,1.6,3.0,4.3076923076923075,Intentional,6700913b83a64ec85e20319a
1,6,1,1,4,2,5,6,1,2,2,3,2,3,1,5,5,2,3,1,3,6,1,5,4,7,5,1,5,4,1,6,1,6,7,6,2,1,5,1,3.325,1.6666666666666667,3.0,5.538461538461538,Functional,6729db20369d0cd40f29a472
1,5,1,1,1,1,2,5,1,1,1,1,1,1,1,4,1,1,1,1,1,5,1,3,1,7,3,1,1,2,1,4,1,4,4,3,1,1,4,1,2.025,1.0,1.75,3.4615384615384617,Functional,5dbc46b70338051eb7999760
1,7,2,1,2,1,5,7,1,3,1,2,4,1,1,7,1,1,7,1,1,7,1,6,1,7,7,2,4,1,2,7,1,7,7,6,1,1,7,4,3.4,1.6666666666666667,2.5833333333333335,6.153846153846154,Intentional,6624a0a1b705816dc19c68cd
1,6,1,3,1,1,6,7,1,2,2,1,6,1,1,7,2,1,7,2,7,7,1,7,1,7,7,1,3,2,2,7,3,7,7,7,2,1,1,2,3.525,2.2,2.9166666666666665,5.615384615384615,Baseline,6683077da96221a925f683dd
1,7,1,1,3,2,7,5,1,4,2,3,6,1,1,7,4,1,4,1,4,7,1,6,1,7,6,3,1,5,5,6,1,7,1,6,1,1,3,1,3.375,2.066666666666667,3.1666666666666665,5.076923076923077,Intentional,61006ac5b3bd67e87ef4a9fc
1,7,1,1,4,1,2,6,1,2,1,3,2,1,1,7,5,1,4,1,1,7,1,4,1,4,4,4,1,1,4,7,1,7,7,6,1,1,5,1,3.0,1.4666666666666666,2.3333333333333335,5.384615384615385,Functional,654be38e60b66f01da5a3a27
1,5,1,1,1,1,3,4,1,2,1,1,1,1,1,1,5,1,4,1,1,4,1,6,1,7,3,1,1,2,1,4,1,5,4,3,1,1,1,1,2.15,1.0666666666666667,2.5833333333333335,3.0,Intentional,5bab94e36c661a0001aea8ec
1,7,1,1,7,1,3,7,1,2,2,3,2,1,1,7,1,1,1,1,1,7,1,4,1,7,5,2,3,1,2,7,1,7,7,4,1,1,6,2,3.025,1.4666666666666666,1.8333333333333333,5.923076923076923,Baseline,606e3ddf19540080228e3a0c
1,7,2,1,6,2,3,6,2,4,1,1,4,2,1,7,4,2,2,2,1,7,1,4,1,7,7,1,4,2,2,7,2,7,7,5,2,1,7,3,3.45,1.6666666666666667,2.75,6.153846153846154,Baseline,59c0a6398e6ea10001f7b1d6
1,7,1,1,5,1,1,5,1,2,1,1,1,1,1,7,1,1,3,1,1,7,1,6,1,7,4,1,3,1,2,3,1,7,7,4,1,1,7,1,2.725,1.0666666666666667,2.1666666666666665,5.153846153846154,Baseline,5ce1f31a27efac0018821eed
1,7,1,1,6,5,2,7,1,6,1,3,5,1,1,7,6,1,5,1,1,7,1,7,1,7,6,1,7,6,5,7,1,7,6,6,1,1,4,1,3.775,1.7333333333333334,3.8333333333333335,6.076923076923077,Intentional,5eaf1a2c649fd108284c2b5f
1,7,1,1,1,1,1,4,1,4,1,1,1,1,1,7,1,1,1,1,1,1,1,4,1,7,1,1,1,1,1,4,1,4,1,4,1,1,4,1,1.975,1.2,1.75,3.076923076923077,Mechanistic,669036d23349747de1e78aba
1,7,1,1,1,2,2,7,1,5,1,1,2,1,1,7,3,1,2,1,3,7,1,7,1,7,3,1,4,2,2,7,1,7,1,6,1,1,4,3,2.925,1.6,2.5,4.846153846153846,Functional,6600e448ba586d5854beb30d
1,7,1,1,2,1,1,4,1,1,1,1,1,1,1,1,1,1,2,1,1,1,1,4,1,7,7,1,1,1,1,1,1,1,1,4,1,1,1,1,1.725,1.0,1.8333333333333333,2.4615384615384617,Mechanistic,6604613c980e905f7748e9c1
1,6,2,1,2,4,1,7,1,4,3,1,3,2,1,7,4,2,1,1,2,7,1,5,1,7,6,1,7,2,3,4,1,5,6,6,2,4,6,4,3.35,1.9333333333333333,2.9166666666666665,5.384615384615385,Intentional,66856a62a9cd8445323c30c6
4,4,7,4,3,3,6,3,3,4,3,2,3,2,2,4,3,2,3,4,2,4,2,4,3,6,2,4,6,4,3,4,3,3,7,4,2,3,6,4,3.625,3.066666666666667,3.5833333333333335,4.3076923076923075,Baseline,65c252b8c77492c4cd360a09
1,1,1,1,2,1,2,4,1,1,1,1,1,1,1,6,5,1,1,1,1,6,1,4,1,7,5,1,1,4,1,1,1,5,5,1,1,1,3,1,2.125,1.0,2.3333333333333335,3.230769230769231,Functional,660452d6f4aa3a41d687885b
1,6,1,1,6,3,4,7,1,4,1,1,3,1,1,5,4,1,2,1,2,7,1,7,1,7,7,2,3,3,2,3,1,6,7,5,1,1,6,5,3.275,1.7333333333333334,2.75,5.538461538461538,Baseline,6407946a4bb4212372843398
1,6,1,1,4,1,1,4,1,2,1,1,2,1,1,7,1,1,4,1,1,7,1,4,1,7,4,1,4,2,1,6,1,7,4,6,1,1,6,2,2.725,1.2,2.0833333333333335,5.076923076923077,Baseline,59949236c825cf0001d7dcdc
1,6,1,1,5,1,6,1,1,1,1,1,1,1,1,1,1,1,1,1,2,5,1,1,1,6,7,1,1,1,1,1,1,7,5,1,1,1,6,3,2.175,1.2,1.4166666666666667,4.0,Functional,671bc10ee19387d7457b62a3
1,6,1,1,1,1,2,4,1,2,1,1,1,3,1,6,4,1,2,1,7,7,1,3,1,7,7,2,1,1,1,5,1,5,4,2,3,1,1,1,2.55,1.5333333333333334,2.3333333333333335,3.923076923076923,Baseline,669ac4ee9fd9606611b6fcb1
1,7,1,1,4,2,1,7,1,2,1,1,1,1,1,7,4,1,1,1,1,7,1,4,1,7,7,1,7,4,4,6,1,7,6,7,1,1,4,1,3.1,1.0666666666666667,2.5833333333333335,5.923076923076923,Baseline,5a01ddf3728b1b0001ad8ad0
1,7,1,1,1,4,7,7,1,4,1,1,7,1,1,7,4,1,7,1,1,7,1,7,1,7,7,1,4,1,1,7,1,7,1,7,1,1,6,7,3.525,2.0,3.0,5.769230769230769,Baseline,62d5b21d270815d0579d8c5c
1,7,1,1,4,1,4,7,1,4,1,1,1,1,1,7,1,1,7,1,7,7,1,4,1,7,7,1,4,4,2,7,1,7,7,5,1,1,1,7,3.375,2.0,2.5833333333333335,5.6923076923076925,Mechanistic,66294c688bad7715018bfd57
1,5,1,1,2,1,1,5,1,1,1,1,1,1,1,5,3,1,1,1,1,6,1,3,1,6,5,1,2,1,1,3,1,7,5,5,1,1,2,1,2.225,1.0,1.75,4.076923076923077,Baseline,5fc43c5dcc6b725195c5fe32
1,7,1,1,7,1,6,7,1,1,1,7,5,1,1,7,7,1,1,1,1,7,1,6,1,7,7,5,7,7,1,7,1,7,7,7,4,1,7,7,4.075,2.3333333333333335,3.1666666666666665,6.923076923076923,Mechanistic,66ec53e096df305784c5aa6f
1,7,1,2,6,3,3,6,1,1,1,1,1,2,1,7,5,1,4,1,4,7,1,6,1,5,7,2,1,3,5,7,2,7,4,6,2,1,6,3,3.375,1.5333333333333334,3.1666666666666665,5.6923076923076925,Functional,66aec331928d119d42ce565f
1,6,1,1,4,1,1,7,1,1,1,1,1,1,1,7,1,1,1,1,1,7,1,6,1,7,1,1,4,4,1,7,1,7,4,6,1,1,6,1,2.7,1.0,2.1666666666666665,5.153846153846154,Intentional,66f58c9493251ae2f43ef088
1,2,1,1,1,1,1,1,1,1,1,1,1,1,1,1,1,1,1,1,1,1,1,1,1,6,1,1,1,1,1,1,1,2,4,1,1,1,2,1,1.275,1.0,1.4166666666666667,1.4615384615384615,Functional,5cc5e72ce3c44e0015fdf990
1,6,1,1,5,5,3,4,1,3,1,1,5,1,1,7,3,3,7,1,5,6,1,6,1,4,5,3,5,7,4,7,4,7,4,6,4,1,5,3,3.7,2.1333333333333333,3.8333333333333335,5.384615384615385,Intentional,666b44ed662a3864dc13b118
1,6,1,1,1,1,1,4,1,1,1,1,1,1,1,4,1,1,1,1,1,2,1,1,1,7,1,1,2,1,1,1,1,4,4,2,1,1,5,1,1.75,1.0,1.5,2.8461538461538463,Mechanistic,5e52d0122f5f952f2a7b6b28
1,1,1,1,1,1,1,4,1,1,1,1,1,1,1,7,1,1,1,1,1,4,1,4,1,1,4,1,1,1,1,1,1,7,1,7,1,1,1,1,1.75,1.0,1.25,3.076923076923077,Mechanistic,5685775f333cbd000c4e4c27
1,7,1,1,6,1,1,7,5,5,1,1,3,1,1,7,4,1,5,1,1,7,1,6,1,7,5,1,7,5,1,7,1,7,7,7,1,1,7,1,3.525,1.6666666666666667,2.8333333333333335,6.3076923076923075,Intentional,66fc3036489b66477302c2e7
1,6,1,1,3,1,1,4,1,1,1,3,4,1,1,4,1,1,4,1,1,4,1,4,1,7,4,1,1,1,1,4,1,4,4,7,1,1,1,2,2.3,1.4,2.0,3.6153846153846154,Mechanistic,5e2e34ba77d2c74148d7d0d2
1,7,1,1,5,3,7,7,1,2,1,4,4,2,1,7,7,1,4,1,1,7,1,7,1,7,7,3,1,4,4,3,1,7,1,7,1,1,4,1,3.4,1.6,3.5,5.384615384615385,Functional,66e0878b8a2624c7a7339c19
1,7,6,6,6,6,6,7,1,7,4,4,7,4,6,7,6,7,7,1,7,7,4,7,4,7,7,6,4,6,6,7,7,7,7,7,6,1,7,7,5.675,4.8,5.75,6.615384615384615,Intentional,612039d9400fae9545b3c5a8
1,7,1,1,6,7,3,6,1,5,5,1,7,1,1,6,6,1,1,1,1,7,1,7,1,7,4,1,1,6,1,4,1,6,1,6,1,1,1,2,3.2,2.0,3.3333333333333335,4.461538461538462,Functional,5c85fe8e36f2450001c86df8
1,6,2,2,6,4,6,6,2,4,2,2,4,2,2,6,4,3,2,2,4,7,2,6,2,7,6,2,6,6,2,4,2,6,6,6,2,2,3,6,3.875,2.6,3.5,5.6923076923076925,Functional,5f6cdde7a8d71310b06e402a
1,4,1,1,1,1,1,4,1,1,1,1,1,1,1,1,1,1,1,1,1,1,1,1,1,7,1,1,1,1,1,1,1,1,1,4,1,1,1,1,1.375,1.0,1.5,1.6923076923076923,Mechanistic,66567ea20a512b56a661fc5c
1,7,1,1,1,1,1,7,1,1,1,1,1,1,1,7,4,1,7,1,1,7,1,4,1,7,1,1,1,1,4,7,1,7,1,7,1,1,7,1,2.725,1.0,2.75,4.6923076923076925,Intentional,63852fbf95d78ba25b99005e
1,7,2,4,6,5,6,7,2,7,4,2,6,2,2,7,4,4,7,3,6,7,3,7,2,7,6,5,6,5,6,7,3,7,1,7,2,1,6,6,4.7,3.6,4.5,6.153846153846154,Intentional,62ed458d61ebd1930833e95a
1,5,1,1,3,2,1,4,1,2,1,1,1,1,1,1,4,1,1,1,1,2,1,3,1,7,3,1,1,3,1,3,1,5,4,5,2,1,2,1,2.05,1.0666666666666667,2.25,3.0,Mechanistic,66d080f50fbdef12d38f2f2d
1,7,1,1,5,1,4,7,1,3,1,1,3,1,1,7,4,2,5,1,1,7,1,7,1,7,1,4,1,4,1,4,1,6,3,7,1,1,4,5,3.1,1.7333333333333334,2.9166666666666665,4.846153846153846,Intentional,5e6685e1ffed4c405a4db5d0
1,5,1,1,5,1,2,7,1,1,1,1,1,1,1,6,2,1,5,1,1,7,1,5,1,7,5,5,1,1,1,2,1,6,4,5,1,1,1,2,2.575,1.3333333333333333,2.25,4.3076923076923075,Functional,62e2deadd18974300540f870
1,7,1,1,7,7,7,7,1,1,1,1,7,1,1,7,4,1,1,1,1,7,1,7,1,7,7,1,4,4,1,7,1,7,4,7,1,1,4,4,3.55,1.6,3.0,6.3076923076923075,Mechanistic,629082739390703f993b12bd
1,7,4,4,6,5,5,7,1,5,4,6,7,5,4,7,5,4,7,4,4,7,3,7,3,7,6,7,5,5,7,7,5,7,7,7,1,2,7,7,5.225,4.2,5.083333333333333,6.538461538461538,Intentional,655f96e689f922fe983fed35
1,6,1,1,4,1,2,5,1,1,1,1,2,1,3,3,3,2,2,1,5,6,1,5,1,7,7,1,1,3,1,6,2,7,1,4,1,1,1,3,2.65,1.6666666666666667,2.3333333333333335,4.076923076923077,Mechanistic,668c0bc95fadbd0e93071351
1,5,1,2,4,5,5,7,1,1,5,4,2,2,2,7,6,3,4,2,3,7,2,6,1,7,6,4,4,1,5,5,3,7,4,4,2,1,7,5,3.825,2.466666666666667,3.6666666666666665,5.538461538461538,Functional,66bbc95713288ad8d1e8578d
1,6,1,1,4,7,4,7,1,4,1,1,1,1,1,7,4,1,4,1,1,7,1,7,1,7,7,1,7,1,1,7,1,7,7,4,1,1,4,4,3.375,1.4,3.0,6.0,Baseline,66d51e8662cad264807060a8
1,6,2,2,4,3,4,7,2,2,2,4,2,2,2,7,2,2,3,2,3,7,2,6,2,6,6,2,4,5,3,4,2,7,4,7,4,1,6,4,3.65,2.2,3.3333333333333335,5.615384615384615,Mechanistic,5c1dc77ee2d9150001b5b70e
1,7,1,1,1,1,1,4,1,1,1,1,3,1,1,2,4,1,4,1,4,7,1,1,1,7,4,1,1,1,1,2,1,7,7,7,1,1,3,1,2.425,1.3333333333333333,2.0,4.076923076923077,Functional,622a42c21de0c55ba18a2acb
1,7,1,1,6,1,1,7,1,1,1,1,1,1,1,7,1,1,4,1,7,1,1,7,1,7,4,1,1,1,1,7,1,7,7,7,1,1,7,1,2.925,1.4,2.25,5.3076923076923075,Baseline,5ab9d6b0e734400001d9b76a
1,4,1,1,1,1,1,4,1,4,1,1,1,1,1,5,1,1,1,1,1,7,1,1,1,7,6,1,4,3,1,4,1,7,4,1,1,1,4,1,2.25,1.2,1.6666666666666667,4.0,Intentional,643ead9be9be7fa2c20e1a53
1,7,1,1,1,4,1,7,1,6,1,1,1,1,1,7,7,2,3,1,1,7,1,3,2,7,7,1,1,6,1,4,1,6,4,5,2,1,1,1,2.925,1.4,3.1666666666666665,4.461538461538462,Intentional,5b53e95f4bbe600001465c18
1,6,1,1,2,1,2,7,1,2,1,2,2,1,1,4,3,1,2,1,1,7,1,4,1,7,5,1,1,1,1,5,1,6,3,7,1,1,2,1,2.475,1.2,2.0,4.384615384615385,Baseline,5bf8f34abdd6400001bd5e66
1,3,1,1,2,1,1,5,1,1,1,1,1,1,1,3,1,1,1,1,1,1,1,1,1,2,1,1,1,1,1,5,1,1,1,1,1,1,5,1,1.45,1.0,1.0833333333333333,2.3076923076923075,Baseline,66316ac602a513e2e74d5bdc
1,7,1,1,7,1,1,7,1,7,1,1,4,1,1,7,7,1,1,1,1,7,1,7,1,7,7,1,4,1,1,7,1,7,7,7,1,1,7,7,3.55,2.0,2.5,6.3076923076923075,Mechanistic,5dd4767b32288646716dc98a
1,6,1,2,1,1,1,2,1,2,1,2,2,2,1,4,4,2,4,1,2,7,2,2,1,6,5,1,1,3,3,4,2,7,4,5,2,1,2,2,2.575,1.5333333333333334,2.5833333333333335,3.769230769230769,Intentional,669aabd2f2956d8f40491ae1
1,4,1,1,1,1,1,1,1,1,1,1,1,1,1,4,1,1,1,1,1,4,1,1,1,7,1,1,1,1,1,1,1,4,4,1,1,1,4,1,1.6,1.0,1.5,2.3846153846153846,Functional,6673ad6b8abf0e0b25ea3131
1,7,1,1,5,1,7,7,1,2,1,1,1,1,1,6,7,1,6,1,1,6,1,6,1,7,7,1,5,4,1,6,1,7,7,6,1,1,6,1,3.375,1.0666666666666667,3.0833333333333335,6.3076923076923075,Functional,6700af5f420c9e4b56f62940
1,5,1,1,6,1,1,7,1,1,1,1,1,1,1,5,2,1,1,1,1,5,1,6,1,7,1,1,1,2,1,3,1,5,4,7,1,1,7,1,2.425,1.0,2.0833333333333335,4.384615384615385,Mechanistic,5f7b8d1186b828165dae8e5f
1,7,3,4,1,3,4,4,1,5,4,2,4,3,2,7,5,4,3,2,4,7,4,6,2,7,7,4,5,5,3,6,2,7,1,7,1,3,6,4,4.0,3.066666666666667,3.75,5.3076923076923075,Intentional,6616b40b6d505f8a85164a35
1,6,1,1,1,1,5,4,2,1,1,1,1,1,1,6,7,1,1,1,1,6,1,6,1,1,7,1,1,6,1,6,1,7,4,2,1,1,1,4,2.575,1.2666666666666666,2.3333333333333335,4.3076923076923075,Functional,66c53f6e53501f126905fa7c
1,5,1,1,5,1,2,7,1,3,1,1,2,1,1,6,4,1,4,1,1,7,1,5,1,7,6,1,4,5,1,1,1,4,7,4,1,1,5,2,2.85,1.2666666666666666,2.6666666666666665,4.846153846153846,Baseline,67102cda120349c04eafe9cb
1,7,1,1,3,1,2,7,1,5,1,1,2,1,1,7,2,1,2,1,2,7,1,4,2,7,7,2,2,2,2,7,1,7,6,7,1,1,4,4,3.1,1.7333333333333334,2.0833333333333335,5.615384615384615,Baseline,668491728f516acb43f77a86
1,7,2,2,6,3,6,6,1,4,4,2,4,4,2,6,4,4,2,1,2,7,2,5,2,6,6,5,5,5,4,6,1,6,3,6,3,2,5,4,3.9,2.533333333333333,3.5833333333333335,5.769230769230769,Mechanistic,661ff00c03ba28739dd3fbef
1,7,1,1,1,1,1,1,1,1,1,1,1,1,1,1,1,1,1,1,1,1,1,1,1,7,1,1,1,1,1,3,1,5,1,1,1,1,1,1,1.45,1.0,1.5,1.9230769230769231,Baseline,5e7d09e7f0a5a00c4a1ccf96
1,4,1,1,2,1,1,2,1,1,1,1,4,1,1,4,4,1,1,1,1,4,1,1,1,7,1,1,1,1,1,2,1,7,4,7,1,1,2,1,2.0,1.2,1.75,3.1538461538461537,Intentional,65da0c93826bdadcf98372a9
1,4,1,1,6,1,1,5,1,1,1,1,1,1,1,5,4,1,1,1,6,6,1,1,1,7,7,1,1,1,1,1,1,6,1,5,1,1,1,1,2.25,1.3333333333333333,1.75,3.769230769230769,Mechanistic,655f90dc3ab2904c2db16f42
1,5,1,1,4,3,5,5,2,4,1,3,3,2,1,5,4,1,6,1,1,6,2,6,1,5,5,2,4,3,3,7,2,4,2,5,2,1,5,3,3.175,1.8666666666666667,3.0833333333333335,4.769230769230769,Baseline,671e9b7f4a6f15b61e7f81af
1,7,1,1,1,1,1,7,1,1,1,1,4,1,1,6,1,1,1,1,1,7,1,4,1,7,1,1,1,2,1,7,1,4,4,3,1,1,2,1,2.275,1.2,1.8333333333333333,3.923076923076923,Intentional,6127c369bdff7dc17f0724a2
1,7,1,1,1,1,1,4,1,1,1,1,1,1,1,7,1,1,1,1,1,1,1,1,1,7,7,1,1,1,1,4,1,1,2,4,1,1,3,1,1.9,1.0,1.5,3.3076923076923075,Functional,668972185d486bf277cfaca4
1,7,1,1,1,1,1,4,1,1,1,1,1,1,1,7,1,1,1,1,1,7,1,4,1,7,7,1,1,1,1,7,1,7,1,1,1,1,4,1,2.275,1.0,1.75,4.230769230769231,Baseline,662692c1abc4830626fccb23
1,6,1,5,5,5,4,6,1,4,2,2,1,2,2,5,6,4,2,1,2,7,1,4,2,7,6,2,5,4,2,5,2,5,6,6,2,1,4,2,3.5,2.0,3.3333333333333335,5.384615384615385,Intentional,66bd73db3481a3d17695c23e
1,7,1,1,4,1,1,7,1,1,1,1,3,1,1,7,2,2,7,1,7,7,1,7,1,7,7,1,2,3,1,7,1,7,7,4,1,1,7,2,3.3,1.6,2.8333333333333335,5.6923076923076925,Baseline,663153485ed0dbb32f0c86e0
1,5,1,1,1,1,1,6,1,1,1,1,1,1,1,7,1,1,1,1,1,5,1,6,1,7,5,1,1,5,1,5,1,7,5,6,1,1,5,1,2.525,1.0,2.25,4.538461538461538,Baseline,65a30ffbe92ac510f8dee886
1,7,1,1,5,5,6,7,1,4,1,1,4,1,1,7,1,1,4,1,1,7,1,7,1,7,4,1,6,4,2,6,1,7,7,6,1,1,5,3,3.45,1.5333333333333334,2.9166666666666665,6.153846153846154,Baseline,63e630188c3e4ac4a92b1ff5
1,6,1,1,1,1,2,4,1,1,1,1,1,1,1,4,1,1,1,1,1,1,1,7,1,4,7,1,1,1,1,4,1,4,1,4,1,1,1,1,1.9,1.0,1.75,3.076923076923077,Functional,6712b85b4c4dff0720b3ab63
1,7,1,1,2,1,1,6,1,2,1,1,2,1,1,4,4,1,1,1,1,6,1,3,1,7,6,2,1,1,1,3,1,7,7,6,1,1,3,1,2.5,1.2,1.9166666666666667,4.538461538461538,Mechanistic,6116cd3769f67b5fa5897cb6
1,7,1,1,4,3,2,5,1,3,2,1,4,1,1,7,4,1,5,1,4,6,1,5,1,7,2,1,2,3,1,6,1,7,7,5,1,1,6,3,3.125,1.7333333333333334,2.75,5.076923076923077,Functional,66e629463e14ee75bdeb8c0d
1,5,1,1,4,1,3,4,3,2,3,2,4,3,1,5,3,3,4,1,2,4,3,3,1,5,6,4,2,3,3,4,1,5,3,5,2,1,4,3,2.95,2.1333333333333333,2.6666666666666665,4.153846153846154,Baseline,65ecf22abc066fbabecdea60
1,6,1,1,3,2,1,6,1,2,1,1,1,2,1,7,4,4,2,1,1,6,1,2,1,7,7,1,1,3,1,3,1,7,6,6,1,1,7,2,2.825,1.1333333333333333,2.5,5.076923076923077,Baseline,6402682f1a17d6c87f4f3a89
1,6,1,1,3,1,1,4,1,4,1,1,4,1,1,5,1,1,2,1,1,4,1,6,1,7,5,1,1,1,1,7,1,6,2,5,1,1,2,1,2.4,1.4,2.0,3.923076923076923,Baseline,6173153923f87c01a847eb5b
1,7,1,1,3,1,3,5,1,4,1,1,1,1,1,7,4,1,7,1,4,7,1,7,1,7,6,1,1,2,7,1,1,7,1,4,1,1,2,5,2.975,1.6666666666666667,3.3333333333333335,4.153846153846154,Intentional,60c8467d9872c0d83f695499
1,6,1,1,4,6,3,6,1,4,1,4,5,1,1,7,4,2,7,1,1,6,1,4,1,6,5,1,3,3,3,5,1,6,7,4,1,1,6,3,3.35,1.8,3.25,5.230769230769231,Baseline,66e7aac02fdbefe8fcb9b4e3
1,5,1,2,5,4,4,3,1,2,1,2,2,1,1,7,6,1,4,1,2,7,1,6,1,7,6,2,3,2,2,5,3,7,5,5,1,1,5,2,3.175,1.6,3.0,5.153846153846154,Functional,668adbfcb3549e7f656159c6
1,7,1,1,1,1,1,4,1,1,1,1,7,1,1,7,1,1,7,1,1,7,1,7,1,7,7,1,1,1,1,7,1,6,1,7,1,1,1,1,2.7,1.4,2.5,4.384615384615385,Intentional,5e4ab91021c015000c3b74ed
1,5,1,1,5,2,2,7,1,1,1,1,2,1,1,7,5,1,5,1,1,7,1,7,1,7,5,2,5,2,1,7,1,7,7,7,1,1,7,3,3.275,1.2666666666666666,2.8333333333333335,6.0,Mechanistic,5f402da30ce123154d1f3f84
1,7,4,4,4,3,2,4,1,4,5,6,6,5,3,7,4,5,3,2,4,5,4,4,4,7,7,4,4,5,6,6,4,7,7,6,4,4,7,4,4.575,3.8666666666666667,4.333333333333333,5.615384615384615,Baseline,67197894611a27c0434adff7
1,7,1,1,1,1,1,7,1,1,1,1,1,1,1,1,1,1,1,1,1,1,1,1,1,7,1,1,1,1,1,4,1,6,1,1,1,1,1,1,1.65,1.0,1.5,2.5384615384615383,Mechanistic,65fcc10f1b8021c98cace561
1,6,1,1,1,1,1,4,1,1,1,1,1,1,1,2,1,1,2,1,1,4,1,6,1,7,5,1,1,1,1,4,1,5,1,6,1,1,2,1,2.025,1.0,2.0,3.230769230769231,Functional,6661cdb231a34b5cec5669aa
2,7,5,5,5,5,6,6,4,7,5,6,4,4,4,6,5,5,6,5,5,7,6,6,5,7,6,6,4,6,6,5,5,7,7,4,5,6,7,5,5.425,5.0,5.416666666666667,5.923076923076923,Intentional,6660fb57ad72e3a483355fea
1,6,3,2,1,1,7,6,1,2,3,1,5,1,1,6,6,2,4,2,2,7,1,3,3,6,7,1,1,4,4,2,1,7,1,5,1,1,1,5,3.1,2.0,3.0833333333333335,4.384615384615385,Intentional,66d8d824887fc4d4c7a873d4
1,1,1,1,2,1,1,5,1,1,1,1,4,1,1,6,4,1,3,1,6,7,1,6,1,7,6,1,4,2,1,4,1,7,7,4,1,1,3,1,2.725,1.5333333333333334,2.4166666666666665,4.384615384615385,Baseline,5d6c5cca8cb0f70001b1fac5
1,7,1,1,1,1,1,5,1,1,1,1,1,1,1,7,1,1,1,1,1,7,1,1,1,7,4,1,2,1,1,4,1,1,7,6,1,1,3,1,2.2,1.0,1.5,4.230769230769231,Functional,58a53fd327c3bb00014e74e2
1,4,1,1,4,1,4,6,1,1,1,1,4,1,1,3,3,1,2,1,1,5,1,2,1,7,4,1,4,1,3,6,1,6,6,5,1,1,2,1,2.525,1.2,2.0,4.538461538461538,Baseline,65e127e2e4b6853859b66b09
1,7,2,2,4,2,6,7,2,4,2,3,5,3,2,7,3,3,4,2,4,7,2,6,2,7,7,3,5,3,6,4,2,7,7,4,4,2,7,5,4.125,2.7333333333333334,3.75,6.076923076923077,Baseline,6664cf7fbe52905a784f4cad
1,4,1,1,1,1,1,2,1,1,1,1,1,1,1,1,1,1,1,1,1,1,1,1,1,7,1,1,1,1,1,1,1,2,1,2,1,1,2,1,1.325,1.0,1.5,1.5384615384615385,Baseline,5c037f464c14cf00019d379f
1,6,1,1,4,1,1,5,1,2,1,2,2,1,1,4,1,1,2,1,1,4,1,4,1,6,3,2,4,3,2,3,1,7,5,4,1,1,2,1,2.375,1.2666666666666666,2.0,4.0,Baseline,5bb6e39827fb5000013c8fe9
1,5,1,1,4,1,1,6,1,1,1,2,4,1,1,6,2,1,7,1,4,4,1,7,1,7,6,3,4,2,2,5,1,4,7,7,1,1,4,2,3.025,1.6666666666666667,2.75,4.846153846153846,Baseline,666097c5dbffa0803033094d
1,7,1,1,2,1,2,3,1,2,1,1,2,1,1,7,4,1,1,1,1,4,1,4,1,7,2,1,1,2,1,5,1,7,2,4,1,1,2,1,2.25,1.1333333333333333,2.0833333333333335,3.6923076923076925,Baseline,5acbd1ecf69e940001d9cd4d
1,7,1,1,5,1,1,7,1,4,1,1,1,1,1,7,4,2,4,1,1,7,1,7,1,7,6,1,1,4,6,4,1,7,7,4,1,1,5,2,3.15,1.2666666666666666,3.25,5.230769230769231,Baseline,6643ac8b5817fd2a43298619
1,6,1,1,4,1,3,5,1,4,1,2,7,1,1,6,7,2,1,1,1,4,1,4,1,7,2,1,1,3,4,5,1,5,3,6,1,1,5,3,2.875,1.8,2.75,4.230769230769231,Baseline,5c90572e1bc01a0016149f0c
1,7,1,1,6,1,7,7,1,6,1,1,7,5,3,7,4,3,4,1,4,7,4,4,2,7,7,1,7,3,1,7,1,7,7,7,1,1,7,1,4.0,2.3333333333333335,2.9166666666666665,6.923076923076923,Baseline,66b3dfae8606cb2c7c0b826c
1,5,1,1,1,1,1,4,1,1,1,1,2,1,1,7,1,1,1,1,1,1,1,4,1,7,1,1,1,2,1,4,1,4,7,4,1,1,4,1,2.05,1.0666666666666667,1.8333333333333333,3.3846153846153846,Baseline,65444bbc48998c14318caf9f
1,7,1,1,1,1,5,7,1,1,1,1,2,1,1,7,2,1,4,1,1,7,1,6,1,7,6,2,1,2,4,6,1,7,1,7,1,1,5,1,2.875,1.1333333333333333,2.5833333333333335,5.153846153846154,Baseline,57597452e8feea0006ef8805
1,6,1,5,6,2,5,6,1,3,2,2,4,2,2,5,5,1,6,1,4,7,3,2,1,7,5,2,4,6,5,7,1,7,5,6,3,3,7,4,3.875,2.533333333333333,3.4166666666666665,5.846153846153846,Functional,60e36d56350e661cf50f2c7e
1,7,1,1,1,1,4,7,1,4,1,2,3,2,1,7,4,1,2,1,1,7,1,7,1,7,7,2,1,4,2,7,1,7,7,7,1,1,1,3,3.175,1.6,2.75,5.384615384615385,Baseline,660ab3521d6a9f36a3f0cb95
1,6,1,1,2,2,2,3,1,2,1,1,4,1,1,7,1,1,2,1,1,6,1,2,1,3,5,1,3,1,1,4,1,5,3,5,1,1,2,1,2.225,1.2666666666666666,1.4166666666666667,4.076923076923077,Baseline,66e5074b8d1380a5c04d209b
1,6,1,1,3,1,3,7,1,4,1,1,2,1,1,7,1,1,2,1,1,7,1,6,1,6,7,1,1,2,1,5,1,6,1,7,1,1,5,2,2.725,1.3333333333333333,2.0,5.0,Mechanistic,5f42b557f859ca4b3395dc8b
1,4,1,1,3,1,3,4,1,1,1,1,1,1,1,5,5,1,1,1,1,7,1,1,1,6,4,1,4,3,1,1,1,6,4,6,1,1,6,1,2.375,1.0,1.9166666666666667,4.384615384615385,Intentional,60fb534aa3d839c152fa8f36
1,4,1,1,2,1,5,5,1,2,2,3,4,1,1,7,4,2,1,1,2,6,1,3,1,7,7,2,2,2,2,7,1,7,1,6,1,1,4,3,2.875,1.7333333333333334,2.1666666666666665,4.846153846153846,Mechanistic,66a79acbbe9c6dd622dbb8ee
1,4,1,1,1,1,1,5,1,2,1,1,1,1,1,1,2,1,1,1,1,2,1,4,2,5,1,1,1,2,1,4,1,2,1,4,1,1,2,2,1.7,1.2,1.75,2.230769230769231,Intentional,671983e8022d66fd0242265b
1,5,1,1,1,1,1,5,1,1,1,1,4,1,1,7,2,1,2,1,1,4,1,4,1,5,4,1,1,1,1,2,1,4,1,5,1,1,1,3,2.05,1.3333333333333333,1.75,3.1538461538461537,Mechanistic,664fe905b115cee7ef9dc8df
1,7,2,2,6,2,3,7,1,6,2,2,4,4,2,7,4,2,5,2,4,7,2,5,2,7,5,1,4,6,4,4,3,7,7,7,2,1,7,3,3.975,2.4,3.75,6.0,Intentional,66ef1fe508a57ab4d42c952d
1,1,1,1,1,1,1,4,1,1,1,1,1,1,1,1,4,1,1,1,1,4,1,4,1,7,4,1,1,1,1,4,1,7,1,4,1,1,7,1,1.975,1.0,2.0,3.076923076923077,Mechanistic,66be3e63f7f02b835c55acbc
1,7,1,1,6,2,7,7,1,3,1,1,2,2,2,7,6,2,5,1,1,7,2,7,2,7,7,1,6,7,2,7,1,7,6,5,1,1,4,5,3.775,1.6666666666666667,3.5833333333333335,6.384615384615385,Mechanistic,66f636a15a0ec8d9ef572bae
1,7,1,1,1,1,1,6,1,2,1,1,1,1,1,2,5,1,1,1,1,6,1,6,1,7,5,1,1,4,1,5,1,5,4,7,1,1,1,1,2.425,1.0666666666666667,2.5,3.923076923076923,Functional,6106dff95e2948f146c25d10
1,6,1,1,3,2,1,6,1,2,1,1,2,1,1,6,4,2,2,1,1,4,1,5,1,7,3,4,1,3,3,5,1,6,1,4,2,1,2,2,2.55,1.4,2.75,3.6923076923076925,Functional,61109ddc69297f529cb233be
1,3,1,1,3,1,1,6,1,1,1,1,1,1,1,2,1,1,1,1,1,2,1,4,1,7,2,1,2,1,1,7,1,3,4,1,1,1,4,1,1.9,1.0,1.75,3.076923076923077,Mechanistic,60fcb2b45504d8488ab13968
1,6,3,1,4,5,4,7,1,1,1,1,1,4,1,7,7,1,4,1,3,7,4,7,1,7,7,7,5,1,4,6,1,7,6,7,1,1,6,3,3.8,1.8666666666666667,3.75,6.076923076923077,Functional,66f1d5eff36f2dd11249f62c
1,7,1,1,1,1,1,7,1,1,1,1,1,1,1,7,4,1,1,1,1,7,1,7,1,7,7,1,1,1,1,4,1,4,1,7,1,1,4,1,2.5,1.0,2.25,4.461538461538462,Intentional,5bc9f8b677740000016a08b5
1,7,4,1,5,1,4,7,1,6,1,4,7,1,4,7,4,4,7,5,1,7,7,7,4,7,7,7,1,6,7,7,1,7,7,7,7,1,1,4,4.6,3.3333333333333335,5.0,5.6923076923076925,Mechanistic,65984f0d49a41d83ea6f13e6
1,5,1,1,5,1,3,5,1,4,1,1,3,1,1,7,4,2,2,1,1,6,2,6,1,7,5,2,1,4,5,4,2,6,1,5,1,1,2,4,2.9,1.7333333333333334,2.9166666666666665,4.230769230769231,Mechanistic,60e49c6274c1be146fa85140
1,7,2,1,7,4,2,7,2,6,3,2,4,4,2,7,4,4,4,2,2,7,2,7,2,7,7,5,1,6,4,7,2,5,2,7,2,2,5,4,4.025,2.6666666666666665,4.166666666666667,5.461538461538462,Intentional,668ac4c1b3549e7f656154d4
1,7,5,7,7,1,6,7,1,7,2,3,7,7,4,7,7,4,7,7,7,7,3,6,4,7,7,1,4,7,5,7,7,7,7,7,7,7,7,2,5.5,4.2,5.833333333333333,6.6923076923076925,Intentional,63868eb7abcf3f247da6f52b
1,6,2,2,5,3,5,7,2,3,2,4,6,1,1,7,4,2,6,2,7,6,1,7,1,7,6,3,5,4,3,6,1,7,7,7,2,1,6,6,4.1,2.7333333333333334,3.5833333333333335,6.153846153846154,Functional,657bb467a05dbd532d3c2fe1
1,7,1,1,4,1,1,7,1,3,1,1,4,1,1,7,1,1,1,1,1,7,1,7,1,7,4,1,7,3,1,7,1,7,7,7,1,1,7,1,3.125,1.3333333333333333,2.1666666666666665,6.076923076923077,Intentional,66ae409c57e9da97a04e4cc0
1,6,1,1,4,1,2,7,1,2,1,1,2,1,1,6,2,2,1,1,1,6,1,1,1,7,4,1,2,4,1,2,1,6,7,6,1,1,4,1,2.55,1.1333333333333333,1.9166666666666667,4.769230769230769,Mechanistic,65d62743dfcd203fc76596e3
1,4,1,1,1,1,2,3,1,1,1,1,1,1,1,5,1,1,1,1,1,5,1,2,1,7,2,1,1,1,1,1,1,1,1,2,1,1,1,1,1.575,1.0,1.5833333333333333,2.230769230769231,Mechanistic,6643f08978c19c6cf8de82d4
2,4,2,2,2,1,1,1,2,1,2,1,1,1,2,5,1,1,2,2,2,5,2,4,2,6,4,1,2,1,1,2,1,6,4,4,1,1,5,2,2.3,1.6,1.9166666666666667,3.4615384615384617,Functional,611115eb23d02f639a39f61e
1,6,1,1,3,4,2,6,1,5,1,2,6,1,1,4,2,1,2,1,4,7,1,5,1,7,7,3,1,2,3,4,1,7,7,6,1,1,3,4,3.15,2.2,2.5,4.846153846153846,Functional,654180b5d949b32a76c3b5fe
1,7,1,1,4,1,1,4,1,1,1,1,1,1,1,4,1,1,1,1,1,4,1,1,1,7,1,1,5,3,1,4,1,4,4,5,1,1,4,1,2.15,1.0,1.6666666666666667,3.923076923076923,Intentional,6110d5ef0db16ce9a230e7b6
1,5,1,1,4,2,2,7,1,4,1,2,4,1,1,7,4,1,4,1,1,7,1,5,1,6,5,1,1,4,2,7,1,7,1,7,1,1,4,3,3.0,1.6,2.6666666666666665,4.923076923076923,Functional,641dfbd1cf0e57384c37a037
1,7,1,1,7,1,1,7,1,1,1,1,1,1,1,7,6,1,7,1,1,7,1,7,1,7,7,1,1,1,7,7,1,7,7,7,1,1,5,1,3.325,1.0,3.4166666666666665,5.923076923076923,Intentional,6697d66e84c2d16dd3451b8a
1,7,1,1,1,4,1,7,1,1,2,1,2,1,1,7,1,1,2,1,1,7,1,2,1,7,2,1,1,1,1,7,1,7,7,2,1,1,7,1,2.575,1.1333333333333333,1.9166666666666667,4.846153846153846,Mechanistic,66bc94bf776a4169d4b15b7c
1,6,1,3,5,2,4,6,1,3,3,3,5,3,1,6,5,2,5,2,2,6,2,6,1,7,5,6,3,3,5,6,2,7,5,6,2,3,3,5,3.8,2.7333333333333334,3.5833333333333335,5.230769230769231,Mechanistic,628f83dc5398c04bac86f9e6
1,7,2,2,4,4,3,7,1,4,2,1,5,4,1,7,4,5,3,1,1,2,2,4,2,7,3,1,2,4,1,5,1,7,7,7,4,2,7,2,3.475,1.8666666666666667,3.5833333333333335,5.230769230769231,Functional,654d0bd1f4ba143e0503a02f
1,5,1,1,2,1,1,5,1,1,1,1,4,1,1,7,3,1,2,1,1,6,1,7,1,7,7,1,1,1,1,6,1,4,6,7,1,1,2,1,2.6,1.2,2.25,4.538461538461538,Functional,659b1fc05dffc3c84fb56129
1,6,2,5,5,2,4,7,1,4,2,2,3,4,1,7,7,3,5,1,5,7,3,7,2,7,7,1,1,5,2,5,4,7,6,4,2,3,6,3,3.975,2.6666666666666665,3.9166666666666665,5.538461538461538,Intentional,6683b31d16dd162d502a8b00
1,5,1,1,3,1,1,5,1,4,1,1,1,1,1,3,2,2,2,1,2,7,1,3,1,7,6,1,2,4,3,1,2,3,2,5,1,1,5,1,2.4,1.3333333333333333,2.3333333333333335,3.6923076923076925,Mechanistic,66312361cf5d4099e1330532
1,4,1,1,1,1,3,3,1,2,1,1,2,1,1,5,4,1,1,1,1,5,1,2,1,6,6,1,1,2,1,3,1,5,7,4,1,1,5,1,2.275,1.1333333333333333,1.8333333333333333,4.0,Mechanistic,666b096ade3d4f774c629d3e
1,7,2,1,3,2,5,5,1,4,3,1,2,2,2,5,5,3,4,1,1,4,1,5,1,6,5,1,3,3,3,4,1,5,4,5,3,2,4,1,3.025,1.5333333333333334,3.25,4.538461538461538,Mechanistic,53a9a1a6fdf99b5cf1a36ee0
1,7,1,1,2,1,1,6,1,6,1,1,1,1,1,7,6,2,1,1,1,7,1,4,1,7,7,1,1,2,1,2,1,7,1,4,1,1,7,1,2.675,1.3333333333333333,2.3333333333333335,4.538461538461538,Intentional,63c5c3192e709e19fc67d5dd
2,5,2,6,6,1,6,1,2,6,1,5,2,6,6,5,2,5,2,2,2,5,6,1,2,6,5,6,5,6,1,6,1,6,6,2,2,1,5,5,3.8,3.533333333333333,3.0,4.846153846153846,Functional,66c3d7b303ea98abe023a5fe
1,4,1,1,3,1,1,1,1,1,1,1,1,1,1,7,1,1,1,1,1,7,1,7,1,7,7,1,7,4,1,7,1,7,7,7,1,1,7,1,2.85,1.0,2.25,5.538461538461538,Intentional,55a55bd7fdf99b790558627c
1,4,1,1,1,1,1,1,1,1,1,1,1,1,1,1,1,1,1,1,1,7,1,1,1,7,7,1,1,1,1,1,1,4,1,1,1,1,1,1,1.6,1.0,1.5,2.3846153846153846,Functional,614f9a284f135b4da3329968
1,4,1,1,2,1,1,6,1,1,1,1,3,1,1,7,2,1,1,1,1,5,1,4,1,7,3,1,4,2,2,4,1,5,3,6,1,1,2,2,2.35,1.2,2.0,4.0,Mechanistic,5fdbdc853ce8060db67cf718
1,7,1,1,7,4,1,7,1,1,1,1,4,1,1,7,4,1,4,1,4,7,1,7,1,7,7,7,1,4,1,7,1,7,7,7,1,1,1,4,3.475,2.0,3.0,5.615384615384615,Functional,5c5c8a688089970001788f30
1,6,1,1,1,1,1,2,1,1,1,1,1,1,1,1,1,1,1,1,1,7,1,3,1,4,4,1,1,1,1,1,1,7,1,4,1,1,1,1,1.725,1.0,1.4166666666666667,2.8461538461538463,Intentional,568c67547374ad000cc7448c
1,6,1,1,2,4,1,5,1,1,1,2,3,1,1,7,3,1,3,1,1,4,1,6,1,6,5,2,6,4,2,6,1,7,7,6,2,1,7,1,3.05,1.2666666666666666,2.8333333333333335,5.3076923076923075,Mechanistic,5f7529755aaa0e1a6e804640
1,7,1,1,1,1,4,5,1,1,1,1,1,1,1,7,1,1,1,1,1,7,1,2,1,7,1,1,2,3,1,7,1,7,1,4,1,1,4,1,2.325,1.0,1.75,4.384615384615385,Functional,5dcf6037b103ee09ffb24ad9
1,7,1,1,2,1,5,7,1,4,1,4,4,1,1,7,6,2,4,1,1,7,1,7,1,7,7,1,1,4,1,4,1,7,7,7,1,1,7,2,3.4,1.6666666666666667,3.0,5.769230769230769,Mechanistic,60885d559ca52f07dd234260
1,5,1,1,4,1,1,6,1,1,1,1,1,1,1,4,2,1,1,1,1,1,1,2,1,7,1,1,1,4,1,6,1,4,4,6,1,1,6,1,2.175,1.0,1.9166666666666667,3.769230769230769,Intentional,66ce77e3d21bb5b5d6a83d37
1,7,3,1,3,2,5,6,1,4,4,1,5,4,1,5,6,6,6,2,5,7,2,7,4,7,7,1,3,5,1,7,1,7,5,6,4,3,6,1,4.05,2.3333333333333335,4.416666666666667,5.6923076923076925,Functional,614f3e97778b4788ee17e8e7
1,6,1,1,1,1,1,6,1,4,1,1,1,1,1,4,1,1,1,1,1,1,2,4,1,7,1,1,4,3,1,1,1,6,7,5,1,1,1,1,2.15,1.2666666666666666,1.9166666666666667,3.3846153846153846,Intentional,5dea8a91882683000a962b47
1,6,1,1,5,1,4,6,1,3,1,1,2,1,1,6,4,2,4,1,1,4,1,7,1,7,7,1,6,5,2,4,1,5,7,6,1,1,5,1,3.125,1.2,3.0,5.461538461538462,Intentional,5d29cc8869a747001acdb3c1
1,7,1,1,4,3,6,7,1,4,1,1,4,1,1,7,6,1,4,1,1,7,1,7,1,7,6,1,2,6,6,4,1,7,2,6,1,1,2,2,3.325,1.4666666666666666,3.6666666666666665,5.153846153846154,Intentional,65c433adee48048ed6f06a9c
1,7,1,1,7,1,7,7,1,1,1,1,1,1,1,7,6,1,1,1,1,7,1,7,1,7,1,1,7,4,1,7,1,7,4,7,1,1,6,1,3.2,1.0,2.6666666666666665,6.230769230769231,Mechanistic,66954597674618ad4e1331cb
1,6,1,1,1,1,6,6,1,3,1,1,3,1,1,6,4,1,1,1,1,5,1,5,1,6,5,1,1,1,1,6,1,6,3,5,2,1,1,3,2.575,1.4,2.0833333333333335,4.384615384615385,Functional,6643894e1f7aa75c4410d42b
1,5,1,1,1,1,1,4,1,1,1,1,1,1,1,5,2,1,2,1,1,6,1,4,1,7,6,1,1,1,2,6,1,5,5,5,1,1,4,1,2.325,1.0,2.0,4.153846153846154,Intentional,5e908e0ac476313921832354
1,6,1,1,2,2,3,4,1,1,1,1,1,1,1,4,3,1,4,1,1,7,1,4,1,7,1,1,1,1,1,3,1,7,1,5,1,1,2,1,2.2,1.0,2.25,3.5384615384615383,Functional,6720e2404eb4b12e53270335
1,7,1,1,1,1,1,7,1,1,1,1,1,1,1,4,1,1,1,1,1,2,1,2,1,7,1,1,4,1,1,4,1,4,5,4,1,1,7,1,2.125,1.0,1.5833333333333333,3.923076923076923,Mechanistic,5c57d3d354f9d30001dbc19b
1,6,1,1,4,1,3,6,1,4,1,1,1,1,1,6,5,1,1,1,1,5,1,6,2,7,5,1,4,3,1,7,1,5,6,6,1,1,6,3,2.975,1.4,2.4166666666666665,5.3076923076923075,Mechanistic,65d8e05d69d000ff2daaddad
1,6,1,1,4,1,2,5,1,1,1,1,1,1,1,5,2,1,3,1,1,7,1,4,1,7,6,1,1,1,6,7,1,7,4,4,1,1,2,1,2.6,1.0,2.4166666666666665,4.615384615384615,Mechanistic,669bc1061c3e5baa7ed91be5
1,6,1,1,4,3,5,6,1,2,2,4,3,1,2,6,4,1,3,1,1,7,1,6,2,7,6,4,1,3,4,3,1,7,5,5,2,1,3,6,3.3,2.1333333333333333,3.0,4.923076923076923,Intentional,664dfa7dc9b2a0473cacdd81
1,4,1,1,2,1,2,4,1,2,1,1,2,1,1,4,2,1,1,1,1,5,1,4,1,6,4,1,1,1,1,4,1,5,1,3,1,1,3,1,2.0,1.1333333333333333,1.75,3.230769230769231,Functional,615b5d9b0b5942de8db28622
1,7,1,1,6,1,5,7,1,4,1,4,1,1,1,7,4,1,1,2,1,6,1,6,1,7,6,1,1,5,1,5,1,7,1,6,1,1,5,1,3.025,1.4,2.5833333333333335,5.3076923076923075,Mechanistic,631c8e97db06f601f81bd82f
1,7,1,1,5,1,1,5,1,4,1,1,1,1,1,7,4,1,5,1,1,1,1,4,1,7,1,1,1,4,1,5,1,1,7,5,1,1,5,1,2.5,1.2,2.5833333333333335,3.923076923076923,Functional,6632b8cfcd087b79f555f0b4
1,7,1,1,1,1,5,6,1,4,1,1,1,1,1,7,6,4,4,1,4,7,1,7,1,7,7,1,1,5,1,7,1,7,1,7,1,1,4,3,3.225,1.5333333333333334,3.25,5.153846153846154,Functional,58c1ce3c3783090001b49355
1,5,2,1,4,1,5,4,1,3,2,2,4,1,1,6,4,2,4,1,6,6,2,6,1,7,7,4,3,3,2,6,1,7,5,4,2,1,4,4,3.375,2.2666666666666666,2.9166666666666665,5.076923076923077,Functional,60ccbffae161aadb1880ad6c
1,7,1,5,1,1,1,4,1,5,1,1,2,1,1,7,3,1,1,1,1,7,1,4,3,7,4,1,1,5,1,1,1,7,4,2,2,2,2,1,2.575,1.8,2.3333333333333335,3.6923076923076925,Intentional,671fd870cca8d9d8273cc04d
1,7,3,3,5,4,4,7,2,3,3,3,3,3,3,7,5,3,3,3,3,7,3,7,3,7,4,3,4,6,3,5,3,7,4,7,3,2,4,3,4.075,2.7333333333333334,4.166666666666667,5.538461538461538,Intentional,657dad9d1a9d2c803df4685c
1,5,1,1,1,1,2,5,1,1,1,1,1,1,1,1,4,1,1,1,1,1,1,4,1,6,1,1,1,1,1,3,1,7,5,1,1,1,4,1,1.875,1.0,1.9166666666666667,2.8461538461538463,Mechanistic,5e556536e1cbcd56c3a50342
1,7,1,1,4,1,1,7,1,1,1,1,1,1,1,4,1,1,1,1,4,7,1,7,1,7,7,1,1,1,1,4,1,4,1,1,1,1,4,1,2.35,1.2,2.0,4.0,Functional,609550ebd2fd05085720eca0
1,7,4,4,7,5,3,7,1,7,3,2,7,4,4,7,7,4,4,4,4,7,4,7,3,7,6,2,6,7,7,7,4,7,7,7,3,4,7,6,5.1,3.7333333333333334,5.25,6.538461538461538,Intentional,672134694c7ecd86dc5bde19
1,6,1,2,2,1,1,6,1,1,1,1,1,1,1,7,1,1,1,1,2,7,1,7,1,7,7,5,5,1,3,6,1,7,3,7,1,2,5,1,2.925,1.4666666666666666,2.1666666666666665,5.3076923076923075,Mechanistic,6635316958a453da5e2af8b2
1,1,1,1,1,1,1,5,1,1,1,1,1,1,2,4,1,1,1,1,1,5,1,4,1,6,2,1,2,1,1,1,1,5,1,1,1,1,1,2,1.675,1.1333333333333333,1.6666666666666667,2.3076923076923075,Mechanistic,664639dd4711fff56d77ada4
1,7,1,2,1,1,5,6,1,6,1,1,4,1,1,5,6,4,1,1,1,7,1,5,1,6,7,1,1,2,1,4,1,5,7,4,2,1,1,1,2.875,1.6,2.5833333333333335,4.615384615384615,Functional,667d81a95170bdd075f74203
1,7,3,3,4,3,4,5,1,5,3,4,4,3,2,7,4,4,4,2,4,7,4,5,2,7,4,4,3,5,4,4,2,7,3,5,3,2,4,4,3.9,3.0,3.9166666666666665,4.923076923076923,Intentional,558bbd56fdf99b2127e1f359
1,4,1,1,3,1,5,7,1,1,1,1,3,1,1,2,4,1,1,1,1,7,1,4,1,4,6,1,1,2,1,5,1,7,1,7,1,1,4,1,2.45,1.1333333333333333,1.8333333333333333,4.538461538461538,Mechanistic,60131feed4e20d19e9684150
1,5,1,1,3,2,2,4,1,3,1,1,1,1,1,6,4,1,3,1,1,6,1,4,1,7,4,1,1,2,1,3,2,6,6,3,1,1,1,1,2.4,1.2,2.3333333333333335,3.8461538461538463,Functional,60ec54c58f88686dadb1a0c9
1,3,2,2,5,1,5,7,1,4,1,5,1,1,2,5,4,7,2,1,5,7,1,7,2,7,7,6,1,6,5,6,2,7,1,7,3,2,4,5,3.775,2.6666666666666665,3.8333333333333335,5.0,Functional,65b7df79bd16de5cd6a3a12b
1,6,3,3,6,4,4,5,1,5,3,6,5,4,1,7,5,3,3,2,1,7,2,7,2,7,5,4,1,6,4,1,1,6,1,6,3,1,5,2,3.725,2.533333333333333,4.25,4.615384615384615,Intentional,663a64da0dbc37192d930b1c
1,7,1,1,3,1,1,6,1,3,1,1,2,1,1,6,3,1,4,1,1,3,1,5,1,7,4,1,2,2,1,5,1,7,4,4,1,2,7,1,2.65,1.2666666666666666,2.3333333333333335,4.538461538461538,Functional,6051536b3e81428095504b35
1,6,1,1,2,2,5,6,1,5,2,5,5,2,1,6,1,3,3,1,1,6,1,5,2,6,6,4,1,5,3,5,2,6,1,6,4,1,6,4,3.35,2.4,3.0,4.769230769230769,Intentional,6460181fc3a15babdad7bf3e
1,4,1,2,1,3,3,6,1,3,1,2,1,1,1,5,3,1,1,1,1,6,1,5,1,7,5,2,1,5,3,1,1,6,1,4,1,1,2,2,2.45,1.4,2.6666666666666665,3.4615384615384617,Intentional,66c0df311f98d7c9661669d9
1,7,2,1,3,3,4,7,1,5,1,1,2,1,1,7,4,1,1,1,1,6,1,7,3,7,5,1,1,7,2,7,1,7,4,6,4,1,3,4,3.3,1.6666666666666667,3.3333333333333335,5.153846153846154,Intentional,65fb0026335c1f3d489ddbe2
1,7,1,3,4,2,1,7,1,2,1,3,3,1,1,7,4,1,3,1,3,7,1,5,1,7,7,5,2,7,4,4,2,7,5,5,1,1,5,2,3.375,2.0,3.0833333333333335,5.230769230769231,Intentional,66a3d4b8b4bf84ae5d959a60
1,4,1,1,1,1,1,4,1,1,1,1,5,1,1,4,7,1,1,1,1,1,1,1,1,7,7,1,1,1,1,1,1,7,1,5,1,1,1,4,2.1,1.4666666666666666,2.0,2.923076923076923,Mechanistic,66c5fd9cd88ff2690f682cec
1,7,1,1,4,1,1,7,1,1,1,1,1,1,1,7,1,1,1,1,1,7,1,7,1,7,7,1,1,1,1,5,1,5,7,5,1,1,1,1,2.575,1.0,2.0,4.923076923076923,Functional,6335fd309608ba9c606477fc
1,3,1,1,3,2,1,5,2,2,2,1,3,1,1,5,2,2,4,1,4,2,1,6,1,6,4,1,6,2,2,4,1,6,6,6,1,1,6,3,2.8,1.6666666666666667,2.5,4.384615384615385,Baseline,5f13298ebeee5a1a4602dff3
1,7,1,1,5,1,1,7,1,1,1,1,1,1,1,7,4,1,3,1,1,6,1,6,1,7,4,1,1,1,1,6,1,6,3,4,1,1,4,1,2.6,1.0,2.3333333333333335,4.6923076923076925,Functional,66bd63193bedc4e83a4ff056
1,7,1,1,4,1,1,7,1,2,2,1,7,1,1,7,2,3,1,1,1,7,1,7,1,7,7,1,1,1,1,7,1,6,1,7,1,1,2,2,2.875,1.6,2.25,4.923076923076923,Mechanistic,5d7eb63f85d34b0017658143
1,6,1,1,1,1,1,3,1,1,1,1,1,1,1,4,1,1,1,1,1,4,1,2,1,7,4,1,1,2,2,1,1,4,1,2,1,1,1,1,1.725,1.0,1.75,2.5384615384615383,Functional,5d83dba73dfcaa0019a3125f
1,4,1,2,2,3,5,5,1,1,2,2,2,2,2,6,5,1,2,1,2,6,1,7,5,4,5,3,2,4,3,5,1,2,6,5,1,1,2,2,2.925,1.8666666666666667,2.8333333333333335,4.230769230769231,Mechanistic,66a426bcd6c66d59e395617b
1,7,2,2,5,2,4,5,2,2,2,2,2,2,2,6,4,2,2,2,2,7,2,3,2,7,5,2,4,4,3,6,2,5,4,5,2,2,2,2,3.225,1.9333333333333333,2.9166666666666665,5.0,Functional,671fef4fbb7859f8518c4ab2
1,5,2,1,4,2,5,7,1,5,1,2,3,1,2,6,2,2,6,1,1,7,1,6,1,7,4,3,4,3,4,6,1,5,6,6,1,1,4,5,3.375,1.9333333333333333,3.0833333333333335,5.3076923076923075,Functional,657f115a45bf964f9552f9e4
1,7,1,1,5,1,3,7,1,1,1,1,3,1,1,6,5,3,2,1,1,4,1,6,1,6,6,3,4,5,2,5,1,6,6,5,1,1,5,4,3.125,1.4666666666666666,2.8333333333333335,5.3076923076923075,Mechanistic,63225b65b2d6e889f7289909
1,5,1,1,4,4,3,7,1,4,3,5,2,3,1,6,5,3,4,2,3,6,1,5,2,5,7,1,1,5,4,5,2,6,5,7,3,1,4,1,3.475,1.9333333333333333,3.6666666666666665,5.076923076923077,Mechanistic,66451cf935a985828f197f7e
1,7,1,4,7,4,6,7,1,7,3,3,6,4,1,7,6,2,7,1,4,7,4,7,3,7,7,5,7,6,7,7,4,7,7,5,4,2,7,6,4.95,3.6,4.666666666666667,6.769230769230769,Intentional,62dc65fdd3bbfeff289f1500
1,5,3,1,3,4,3,4,1,3,2,2,4,1,1,4,5,3,3,1,3,6,2,5,1,6,4,3,3,4,2,3,1,5,5,4,3,1,4,3,3.05,1.9333333333333333,3.3333333333333335,4.076923076923077,Intentional,66e8661e0c5e57cda7bf2d39
1,7,1,1,4,1,1,4,1,1,1,1,1,1,1,7,1,1,1,1,1,7,1,7,1,7,4,1,4,1,1,7,1,7,4,4,1,1,4,1,2.575,1.0,2.0,4.923076923076923,Mechanistic,66f55772a7312a23f27b3196
1,4,1,1,1,1,1,4,1,1,1,1,3,1,1,7,1,1,1,1,1,6,1,1,1,7,7,1,1,4,1,6,1,7,6,4,1,1,4,1,2.4,1.1333333333333333,1.75,4.461538461538462,Intentional,670858ec0718aa677690925b
1,2,1,1,1,1,2,3,1,1,1,1,1,1,1,7,1,1,1,1,1,5,1,5,1,5,5,1,1,1,1,7,1,5,4,2,1,1,6,3,2.175,1.1333333333333333,1.6666666666666667,3.8461538461538463,Functional,63d4a887e1ab7f8c5a4cc336
1,1,1,1,1,1,1,1,1,1,1,1,1,1,1,4,1,1,1,1,2,7,1,1,1,1,7,3,1,2,3,3,1,1,4,1,1,1,6,1,1.775,1.2,1.25,2.923076923076923,Baseline,6306d39340264f76753706fd
4,5,5,3,4,5,6,4,6,5,5,3,4,4,4,7,5,3,5,4,5,6,4,6,3,5,4,4,5,4,5,5,4,6,5,5,2,5,6,5,4.625,4.266666666666667,4.416666666666667,5.230769230769231,Intentional,6689817602672baad2d68b47
1,6,1,1,1,2,3,6,1,2,1,2,2,2,1,4,2,1,2,1,1,5,1,5,2,6,4,2,4,2,2,4,1,5,3,6,1,2,4,3,2.625,1.5333333333333334,2.25,4.230769230769231,Baseline,63d3f9de61039d451f5601cf
1,6,1,1,5,2,2,5,1,2,1,1,1,1,1,6,4,1,1,1,1,7,1,6,1,7,5,2,2,5,2,7,1,7,6,6,1,1,3,3,2.95,1.2666666666666666,2.6666666666666665,5.153846153846154,Intentional,64d3abd2d9b3e410c5f1f882
1,7,1,1,1,1,1,7,1,1,1,7,1,1,1,4,1,1,1,1,1,4,1,4,1,7,7,1,1,1,1,4,1,7,1,7,1,1,4,1,2.425,1.4,1.75,4.230769230769231,Mechanistic,63cd9ff0c4451bb2844ac08d
1,7,1,1,4,2,2,6,1,2,1,3,2,2,1,4,2,1,1,1,2,5,1,4,2,7,3,1,2,4,4,4,1,6,7,4,2,1,6,2,2.825,1.4666666666666666,2.5833333333333335,4.615384615384615,Baseline,63d404c998ba54d608329c33
1,7,1,1,4,1,4,6,1,1,1,1,1,1,1,5,4,1,4,1,1,7,1,4,1,7,4,1,1,3,3,7,1,7,1,5,1,1,2,1,2.65,1.0,2.5833333333333335,4.615384615384615,Functional,60fee1a0234ddea6fd998ba0
1,7,1,1,6,1,4,6,1,1,1,1,1,1,1,7,3,1,4,1,1,7,1,7,1,7,6,1,6,4,1,6,1,7,7,7,1,1,6,1,3.225,1.0,2.6666666666666665,6.3076923076923075,Baseline,5d28e765ebdfd5000127cfdb
1,7,1,1,2,1,1,7,1,1,1,1,1,1,1,7,1,1,4,1,1,6,1,6,1,7,7,1,4,1,1,7,1,7,6,7,1,1,4,1,2.825,1.0,2.1666666666666665,5.538461538461538,Mechanistic,5c6c597c42e33400019c72a5
1,5,1,5,3,4,7,7,1,4,2,7,5,1,3,7,6,2,4,1,6,7,1,7,1,5,7,1,3,7,4,4,4,7,1,5,4,1,5,6,4.05,3.2,3.8333333333333335,5.230769230769231,Baseline,66ed25ce5114149b9c97e578
1,4,1,1,1,1,1,7,1,1,1,1,1,1,1,7,1,1,1,1,1,4,1,7,1,7,1,1,1,1,1,7,1,7,1,7,1,1,1,1,2.2,1.0,2.0,3.769230769230769,Mechanistic,62cc29c588d2f7282c384ab9
1,5,1,1,5,2,2,5,1,2,1,2,3,1,1,3,3,2,3,1,1,6,1,2,1,7,5,3,7,6,2,4,1,7,7,5,1,1,6,4,3.05,1.6,2.5833333333333335,5.153846153846154,Baseline,670f06ac031981b54b82d493
1,1,1,1,1,1,1,1,1,1,1,1,1,1,1,1,1,1,1,1,1,1,1,1,1,4,1,1,1,1,1,1,1,1,1,1,1,1,1,1,1.075,1.0,1.25,1.0,Baseline,5b5a6c5f7ac6d70001aaf6b7
1,7,1,1,1,1,1,7,1,1,1,1,1,1,1,1,1,1,1,1,1,1,1,1,1,7,1,1,1,1,1,7,1,7,1,7,1,1,1,1,1.9,1.0,1.5,3.3076923076923075,Baseline,65e4aa1b1a93411cbc68d8ed
1,7,4,4,6,5,6,7,4,6,4,7,6,4,3,6,6,3,5,3,4,7,3,6,4,6,7,5,4,5,5,6,4,7,5,7,4,3,5,6,5.0,4.266666666666667,4.666666666666667,6.153846153846154,Intentional,66f75ca6c63db2214194b1cc
2,5,2,2,2,2,3,5,2,3,3,3,5,3,2,5,3,3,5,2,2,4,2,5,2,7,5,3,5,3,4,5,2,6,6,4,3,2,5,2,3.475,2.466666666666667,3.5,4.615384615384615,Baseline,5fc7e4142a10490c47936a64
2,2,2,2,2,2,2,2,2,2,1,1,2,2,2,2,2,2,2,2,2,2,2,2,2,2,4,1,2,2,2,2,2,2,2,2,2,2,6,2,2.075,1.8,2.0,2.4615384615384617,Baseline,6640d8cb7dba6a67dbabbb3c
1,7,1,2,5,6,5,7,1,6,1,1,2,3,2,6,4,1,4,1,1,6,1,7,1,6,7,5,5,4,4,7,2,6,4,7,1,1,7,4,3.8,2.066666666666667,3.5,6.076923076923077,Functional,64a0240af7461068d2e1e1c0
1,6,1,1,5,3,3,5,1,1,1,3,4,1,1,6,4,3,5,1,3,5,1,5,1,7,5,2,3,1,1,2,2,6,7,4,1,2,5,5,3.1,1.9333333333333333,2.75,4.769230769230769,Baseline,5e9a2f95fe11450cc4a6b2be
1,7,1,1,2,1,2,6,1,1,1,1,2,1,1,3,1,1,1,1,1,2,1,1,1,5,3,1,1,1,3,2,1,7,1,2,1,1,1,1,1.825,1.0666666666666667,1.5,3.0,Functional,66509dfc95969d3e9c64f2f1
1,5,1,1,4,1,1,4,1,1,1,1,4,1,1,6,2,1,2,1,1,7,1,5,1,7,1,1,1,4,1,3,1,6,1,4,1,1,2,1,2.25,1.2,2.25,3.4615384615384617,Baseline,623a732198d2a11b21faccc9
1,6,1,1,5,1,4,4,1,1,1,1,1,1,1,1,4,1,1,1,1,6,1,7,1,7,6,4,1,6,1,6,1,5,1,2,1,1,1,1,2.45,1.2,2.6666666666666665,3.6923076923076925,Functional,658a8d7d92db39c7d5c8d69b
1,7,2,1,4,2,4,6,1,5,3,2,4,2,1,7,4,4,6,1,4,7,1,5,2,7,6,1,6,4,2,4,1,7,7,6,2,1,6,7,3.825,2.3333333333333335,3.4166666666666665,5.923076923076923,Baseline,604d6b35873197f34491a761
1,3,1,1,1,1,2,7,1,1,1,1,1,1,1,7,4,1,1,1,1,5,1,1,1,7,4,1,1,2,1,3,1,4,2,5,1,1,1,3,2.1,1.1333333333333333,1.8333333333333333,3.4615384615384617,Mechanistic,670e86b35839b00c1c8e229f
1,7,1,2,5,4,4,7,1,6,1,1,4,2,1,7,7,2,6,1,4,7,1,7,1,7,6,1,2,7,2,5,3,7,7,7,1,1,6,3,3.875,2.066666666666667,3.9166666666666665,5.923076923076923,Intentional,662bbc5c823afb7c3a3a1629
1,7,1,1,4,1,3,5,1,4,1,1,5,1,1,7,4,1,3,1,1,7,1,6,1,7,7,1,1,1,1,7,1,6,7,5,1,1,5,4,3.1,1.6666666666666667,2.3333333333333335,5.461538461538462,Baseline,620299a8ef1cb18a1337c4d1
1,4,1,1,7,1,7,7,7,1,1,1,4,1,1,7,4,1,4,1,1,7,1,7,1,7,7,1,1,1,1,7,1,7,7,7,1,7,7,1,3.55,2.0,2.5,6.3076923076923075,Mechanistic,66c110122b25034052d535bc
1,7,3,1,7,2,7,7,1,4,3,4,4,1,1,7,4,5,4,1,3,7,3,7,2,7,7,4,4,7,4,4,1,7,4,7,2,1,7,3,4.125,2.4,3.9166666666666665,6.3076923076923075,Functional,60fd59c17cfaeda9845ab8b1
1,6,1,2,4,1,1,6,1,2,1,2,1,1,1,7,2,1,2,1,1,6,1,5,1,7,6,2,6,4,1,4,1,7,6,6,1,1,6,3,2.975,1.4,2.25,5.461538461538462,Mechanistic,62a9513ae9305607fd5af01a
1,7,1,1,2,1,5,7,1,3,1,1,3,1,1,6,4,3,4,1,1,7,1,7,1,7,7,1,6,1,1,7,1,7,7,7,1,1,4,3,3.3,1.4,2.6666666666666665,6.076923076923077,Intentional,5f0c7ea47cf1495f4587f741
1,4,1,1,4,1,1,3,1,1,1,1,1,1,1,4,1,1,1,1,1,4,1,1,1,5,1,1,5,1,1,4,1,6,5,2,1,1,5,1,1.975,1.0,1.3333333333333333,3.6923076923076925,Baseline,671c1da7ddd9c375e013b082
1,6,1,1,6,1,1,7,1,6,1,1,1,1,1,6,1,1,1,1,1,7,1,6,1,7,6,7,6,1,1,6,1,7,6,7,1,1,6,2,3.175,1.8,1.9166666666666667,5.923076923076923,Mechanistic,654287b7f8958a83a5c611fd
1,7,1,1,1,2,4,4,1,1,1,1,1,1,1,7,2,1,1,1,1,7,1,7,1,6,7,1,4,1,1,7,1,7,5,4,1,1,1,1,2.625,1.0,2.0833333333333335,5.0,Baseline,5e2ac2aa0038f21089a533a4
1,3,1,1,6,1,3,7,1,1,1,1,1,1,1,5,1,1,1,1,1,3,1,5,1,7,2,1,5,1,2,6,1,7,7,4,1,1,7,1,2.575,1.0,1.9166666666666667,5.0,Baseline,5c1199258b095d00015cf0ec
1,4,1,1,1,1,1,1,1,2,1,1,1,1,1,4,3,1,2,1,2,5,2,3,1,7,4,1,1,3,1,5,1,7,5,6,2,1,4,1,2.3,1.2,2.1666666666666665,3.6923076923076925,Baseline,66ea3839cab7d348dc9fb59e
1,7,1,1,7,3,4,7,1,3,1,2,1,1,1,7,4,1,3,1,5,7,1,7,1,7,7,4,3,4,6,6,1,7,7,7,2,1,5,6,3.775,2.0,3.3333333333333335,6.230769230769231,Functional,63fedbfe6ef7fb3dd2718f5c
1,7,2,2,5,7,4,5,2,5,4,4,5,5,2,6,6,5,5,2,5,7,2,7,2,7,7,3,5,4,4,7,5,7,7,6,2,2,5,5,4.575,3.2666666666666666,4.666666666666667,6.0,Baseline,66366f1058966314508ed6e4
1,6,1,1,3,1,7,6,1,1,1,4,6,1,1,7,4,1,4,1,7,7,1,4,1,7,7,3,5,2,4,7,1,7,7,6,1,1,5,4,3.625,2.2666666666666666,2.5833333333333335,6.153846153846154,Baseline,655ce6f7af924eb65bdefd92
1,6,1,1,3,1,2,4,1,1,1,1,4,2,1,4,4,2,4,1,1,5,1,4,2,5,4,3,2,3,2,5,2,3,3,3,3,1,2,1,2.5,1.4666666666666666,2.6666666666666665,3.5384615384615383,Baseline,66cf3020b454346ee3518a72
1,5,1,1,4,1,1,4,1,2,1,2,4,1,1,5,2,1,1,1,1,4,1,4,1,6,2,1,5,1,1,4,1,6,6,4,1,1,6,1,2.425,1.3333333333333333,1.75,4.3076923076923075,Baseline,5a93c2044eecca0001dd2dd3
1,5,2,5,1,1,1,5,1,1,1,1,1,1,1,1,4,1,1,1,2,6,1,1,1,1,5,1,1,1,3,6,1,5,1,1,1,1,1,5,2.025,1.6,1.5,3.0,Functional,66d8668bb3ddcf36f06cf07c
1,6,3,5,5,3,7,5,1,4,3,4,5,4,2,4,5,4,3,3,3,6,1,6,1,6,6,4,4,5,3,6,4,6,4,7,2,2,4,5,4.05,3.0,3.9166666666666665,5.384615384615385,Baseline,671c2d4d23f4f6824c9988d4
1,6,3,2,3,3,3,6,3,3,2,2,5,5,2,5,4,3,3,2,2,6,3,3,3,6,6,2,6,3,2,5,3,6,6,6,2,3,5,3,3.675,2.6,3.25,5.3076923076923075,Baseline,5f675a08b51c00065fdbe3db
1,7,1,1,4,1,1,7,1,4,1,1,4,1,1,7,4,1,1,1,1,7,1,7,1,7,7,4,1,4,1,7,1,7,7,7,1,1,4,1,3.175,1.6,2.5,5.615384615384615,Mechanistic,65dded1e150e45d6c89ae943
1,7,1,1,4,1,6,7,1,1,1,1,1,1,1,7,4,4,4,1,1,4,1,5,1,7,6,4,4,4,3,6,1,6,5,4,2,1,6,1,3.175,1.2,3.0833333333333335,5.538461538461538,Functional,5c95493ddd325800166f838a
1,4,1,1,1,1,1,4,1,1,1,1,1,1,1,1,7,1,1,1,1,7,1,7,1,7,7,1,1,1,1,7,1,7,1,4,1,1,1,1,2.275,1.0,2.5,3.5384615384615383,Baseline,5ef4b8cf1f15df0ae9c7a706
1,7,1,1,1,1,1,7,1,1,1,1,1,1,1,7,1,1,4,1,1,1,1,7,1,7,7,1,1,1,1,1,1,4,4,4,1,1,7,1,2.35,1.0,2.25,4.0,Baseline,66f0834cfafc555056a7818a
1,7,1,1,3,1,3,4,1,2,1,1,1,1,1,6,5,1,1,1,3,7,1,5,1,7,4,2,1,3,2,6,1,6,1,7,2,1,1,7,2.775,1.6666666666666667,2.5,4.3076923076923075,Intentional,60ff1981688229d1e3eb43e9
1,4,1,1,3,1,1,2,1,1,1,1,1,1,1,2,2,1,1,1,1,6,1,2,1,6,4,1,5,1,1,2,1,4,5,1,1,1,3,1,1.9,1.0,1.5833333333333333,3.230769230769231,Baseline,67183d2be6757660a4aa085e
1,7,2,3,4,3,3,6,1,3,2,2,3,3,2,7,1,4,4,2,5,6,1,4,2,5,3,2,5,3,2,2,2,6,6,5,3,1,6,2,3.35,2.1333333333333333,3.0,5.076923076923077,Baseline,66d29cb6bb6dc859c3baa700
3,2,4,3,3,4,2,3,4,4,3,5,2,3,5,3,2,3,3,3,3,4,4,3,2,2,3,4,3,4,4,7,2,3,3,3,5,3,2,4,3.3,3.4,3.3333333333333335,3.1538461538461537,Mechanistic,66af7b01af03af1cfe81bb8d
1,7,1,1,3,1,5,6,1,1,1,1,2,1,1,4,1,1,4,1,1,5,1,2,1,4,1,1,6,1,1,5,1,5,4,7,1,1,5,1,2.45,1.0666666666666667,1.5833333333333333,4.846153846153846,Mechanistic,6702921060839509426468c7
1,7,1,1,1,1,1,4,1,5,1,1,1,1,1,3,4,1,3,1,1,5,1,3,1,7,5,1,1,3,1,1,1,1,4,4,1,1,2,1,2.125,1.2666666666666666,2.25,3.0,Baseline,5eaf76ae6665cc671414ab73
1,7,1,1,4,1,1,7,1,4,1,4,1,1,1,7,6,2,3,1,1,7,2,6,3,7,7,3,6,2,2,6,3,7,7,7,2,1,7,3,3.6,2.0,2.8333333333333335,6.153846153846154,Baseline,5e48122927eb23000af799c7
1,7,1,1,7,4,7,7,1,7,7,1,7,1,1,7,2,1,1,1,1,7,1,7,1,7,7,1,7,7,1,7,1,7,7,7,1,1,7,6,4.075,2.533333333333333,2.8333333333333335,7.0,Intentional,654cef0d57e663ec7d331620
1,1,1,1,2,1,1,3,1,1,1,1,3,2,1,5,1,1,1,1,2,6,1,2,2,3,3,2,1,1,1,1,1,6,6,2,1,1,1,1,1.85,1.3333333333333333,1.3333333333333333,2.923076923076923,Baseline,5ff5f6c52171e10f72d3610c
1,2,1,1,1,1,1,7,1,1,1,1,1,1,1,4,1,1,1,1,1,1,1,2,1,5,1,1,1,1,1,1,1,4,1,1,1,1,1,1,1.45,1.0,1.4166666666666667,2.0,Mechanistic,5f2dd9a6f7105d130903473b
1,5,1,1,4,1,4,4,1,7,2,2,6,1,1,7,4,1,1,1,1,7,1,7,1,7,7,4,7,6,4,6,1,7,7,6,1,1,7,1,3.6,2.066666666666667,2.9166666666666665,6.0,Intentional,63721ebb22090f47e23b0a1b
5,7,3,5,6,4,4,5,5,6,6,6,5,4,4,4,5,5,5,4,6,4,5,5,3,5,5,6,5,3,6,5,5,4,6,4,5,6,4,4,4.85,5.133333333333334,4.5,4.846153846153846,Baseline,66c3a4541bdb69342ad88e24
1,6,1,1,4,2,4,6,1,4,1,1,4,1,1,7,2,2,2,1,1,7,1,5,1,7,2,1,3,2,3,7,1,7,6,2,1,1,4,3,2.925,1.5333333333333334,2.4166666666666665,5.0,Functional,5b97f70161c19e00018db4a8
1,6,1,1,1,1,6,3,1,1,1,1,5,1,1,6,6,1,6,1,5,6,1,6,1,7,7,1,6,1,5,1,1,7,1,6,1,1,1,5,3.025,1.8,3.0833333333333335,4.384615384615385,Intentional,66edd704660aad8696615afd
1,7,4,4,7,1,2,7,1,4,1,2,4,1,4,4,4,4,3,1,3,7,1,4,1,7,7,3,4,1,3,4,1,7,7,7,4,1,7,3,3.7,2.2666666666666666,3.0833333333333335,5.923076923076923,Mechanistic,6630e36ad79d4c0051a4b2ee
2,5,2,2,3,2,3,5,2,3,2,2,2,2,2,5,4,2,2,2,2,5,2,5,2,6,2,2,4,2,2,5,2,4,5,6,2,2,4,2,3.0,2.066666666666667,2.75,4.3076923076923075,Mechanistic,63fb4b7f05faed13656528f0
5,5,6,6,6,6,5,6,7,5,6,6,5,6,5,6,6,6,6,6,6,7,7,4,6,5,6,5,7,6,5,6,6,5,6,6,4,6,6,7,5.775,5.866666666666666,5.5,5.923076923076923,Functional,66afd057ed059fbf4202eb71
1,7,1,1,7,4,7,7,1,1,1,1,1,1,1,7,7,1,1,1,1,7,1,7,1,7,7,1,4,6,4,7,1,7,7,7,1,1,4,4,3.6,1.2,3.4166666666666665,6.538461538461538,Mechanistic,5d851419d126db0001cf0396
1,7,1,1,2,1,1,7,1,4,1,1,4,1,1,7,4,1,1,1,1,6,1,4,1,7,2,1,1,5,1,1,1,6,5,5,1,1,5,1,2.6,1.4,2.3333333333333335,4.230769230769231,Intentional,60af4cb9b90c5639adabd311
1,6,2,2,2,4,5,4,2,4,2,3,4,2,2,6,4,3,4,2,3,6,2,5,2,7,6,3,2,4,4,6,2,6,2,5,3,2,3,4,3.525,2.533333333333333,3.6666666666666665,4.538461538461538,Baseline,60b8198defba8da1d95a93b8
1,7,1,1,6,1,2,7,1,5,3,1,4,1,1,7,6,4,4,1,1,7,1,6,2,6,6,1,6,4,1,6,1,7,7,7,1,1,4,2,3.525,1.7333333333333334,3.0,6.076923076923077,Intentional,5d46c3ac090549001867b746
1,7,1,2,3,3,4,7,1,6,2,3,4,3,1,7,5,4,6,1,5,7,1,7,1,7,6,1,1,5,3,6,1,6,3,7,1,2,5,3,3.725,2.2666666666666666,3.8333333333333335,5.3076923076923075,Intentional,5a454e442f91ec0001dcb66c
1,5,1,1,1,1,1,3,1,2,1,1,3,1,1,5,2,1,2,1,1,1,1,3,1,6,2,1,1,1,1,1,1,5,4,3,1,1,5,1,1.9,1.2,1.75,2.8461538461538463,Functional,628e0c383085bc3b2103400f
1,6,1,1,6,1,1,6,1,1,1,1,1,1,1,7,4,1,1,1,1,7,1,4,1,7,7,1,5,1,1,6,1,7,7,4,1,1,7,1,2.875,1.0,2.0,5.846153846153846,Intentional,66a819b2c3eb66cffc47e808
1,7,1,1,4,1,4,6,1,2,1,2,2,1,1,5,5,2,4,1,1,6,1,5,1,7,6,1,2,2,1,5,1,5,2,6,1,1,5,4,2.875,1.4,2.5833333333333335,4.846153846153846,Functional,66a7c469bddf101ddb8b8b23
1,4,1,1,2,1,3,4,1,3,1,1,5,1,1,5,1,1,4,1,7,7,1,4,1,7,4,2,4,1,1,5,1,5,4,4,1,1,4,1,2.675,1.8666666666666667,2.0,4.230769230769231,Intentional,66b16e7c2ba3b5c30639b4ae
1,7,1,1,4,1,3,7,1,4,1,1,4,1,1,7,1,1,4,1,1,4,1,5,1,7,4,1,4,4,1,7,1,5,4,7,1,1,4,1,2.9,1.4,2.3333333333333335,5.153846153846154,Intentional,5d537c0cecc84200153075e9
1,6,1,1,4,1,3,5,1,1,1,1,1,1,1,7,1,1,2,1,1,5,1,4,1,7,3,1,4,2,1,2,1,5,4,6,1,1,5,1,2.425,1.0,1.9166666666666667,4.538461538461538,Functional,671812c6b1a53b1a378ffd13
1,5,2,2,1,3,2,3,2,3,2,2,2,2,2,3,4,2,4,2,2,2,2,3,2,2,3,2,1,4,2,2,2,6,1,3,3,2,2,2,2.425,2.0,2.75,2.6153846153846154,Mechanistic,60fe0e3ef4b51b89b712c30d
1,5,1,1,2,2,1,3,1,1,2,1,3,1,1,4,2,3,3,1,1,6,1,3,1,5,5,1,2,2,2,2,1,4,3,4,2,1,3,4,2.3,1.4,2.25,3.3846153846153846,Functional,66e7a913f438f4a935120fac
1,6,1,2,5,2,4,7,1,3,2,2,2,3,1,7,4,4,4,1,2,6,1,4,1,7,5,2,3,4,3,7,1,6,6,6,1,1,6,3,3.425,1.6666666666666667,3.1666666666666665,5.6923076923076925,Mechanistic,604682ba80d421045184668a
1,5,1,1,1,1,1,2,1,1,1,1,2,1,1,7,1,1,1,1,1,1,1,7,1,7,1,1,1,1,1,4,1,7,7,4,1,1,1,1,2.05,1.0666666666666667,2.0,3.230769230769231,Mechanistic,566a3e0e7da0350012b3ec49
1,6,1,1,5,2,1,1,1,2,1,1,1,1,1,4,2,1,1,1,2,3,1,1,1,5,1,1,1,2,1,4,1,5,4,4,1,1,3,2,1.975,1.2,1.5833333333333333,3.230769230769231,Intentional,6677a96543dea20a0ac40b29
1,7,1,1,1,4,1,7,1,4,1,3,5,1,1,7,5,3,4,1,1,7,1,7,1,7,4,1,1,5,1,4,1,7,4,7,1,1,4,1,3.125,1.6,3.3333333333333335,4.6923076923076925,Intentional,6701d80736803e7a6c5cd50e
3,7,4,4,4,4,4,5,2,6,3,4,5,4,3,5,4,4,6,4,6,7,3,6,4,7,5,5,5,5,4,6,4,6,5,5,5,4,6,4,4.675,4.0,4.75,5.384615384615385,Functional,670ea77a30d1e68057a83d9f
1,5,1,1,4,2,2,5,1,3,1,2,2,1,1,6,3,1,1,1,1,6,1,6,1,7,4,1,5,1,2,5,1,7,6,6,1,1,6,3,2.875,1.4,2.25,5.153846153846154,Functional,55900dcffdf99b3f7aada3f5
1,7,1,3,6,1,7,6,1,1,1,1,1,1,3,5,7,1,3,1,6,7,1,7,1,7,7,1,7,2,1,7,1,1,7,5,1,1,4,1,3.325,1.6,2.75,5.846153846153846,Mechanistic,669ea6987c592df8f45d2dec
1,5,1,1,5,1,5,6,2,1,1,1,4,1,1,6,4,1,2,1,1,7,1,5,1,7,7,2,2,4,2,6,1,7,4,4,1,1,5,5,3.075,1.6,2.5,5.3076923076923075,Baseline,6670399b4b0c5873e6304ab5
1,5,1,2,2,1,4,4,1,3,2,1,3,2,1,5,3,2,2,1,1,6,1,4,1,6,6,3,2,1,3,3,1,5,4,4,1,2,4,2,2.65,1.6666666666666667,2.25,4.153846153846154,Functional,6689870da1139f6fd4154d78
1,6,1,1,2,1,3,3,1,4,1,1,3,1,1,1,2,1,3,1,1,1,1,2,1,7,1,1,4,2,1,4,1,6,2,4,1,1,6,2,2.175,1.4,1.9166666666666667,3.3076923076923075,Functional,664cce8aecc59dc14d41c397
1,7,1,1,1,3,3,5,1,3,1,2,3,2,1,7,3,1,6,1,1,7,1,5,1,7,5,1,2,4,2,2,1,7,2,4,2,1,4,2,2.85,1.4,3.0833333333333335,4.3076923076923075,Intentional,612838b70a35768baf71895d
1,7,1,1,6,1,6,7,1,6,1,1,5,1,1,7,6,1,3,1,1,7,1,7,1,7,7,1,1,7,5,7,1,7,7,7,1,1,1,5,3.65,1.8666666666666667,3.4166666666666665,5.923076923076923,Mechanistic,5c9b1b5c441b4700179b17b2
1,5,2,4,6,4,7,6,1,3,2,2,4,2,4,7,6,2,5,2,7,6,4,6,1,7,5,5,3,5,6,7,2,6,2,6,3,2,5,5,4.2,3.1333333333333333,4.166666666666667,5.461538461538462,Intentional,650d90ebf26334f992c31579
1,6,1,1,3,1,1,3,1,2,1,1,1,1,1,4,4,1,2,1,1,5,1,3,1,6,3,1,1,3,2,3,1,5,4,5,1,1,3,1,2.2,1.0666666666666667,2.1666666666666665,3.5384615384615383,Baseline,5c904569bc1a950016fbfc91
1,6,1,1,5,1,1,7,1,1,1,1,1,1,1,5,1,1,1,1,1,5,1,3,1,7,7,1,2,1,2,6,1,7,7,7,1,1,6,1,2.675,1.0,1.75,5.461538461538462,Mechanistic,66ab988259ee2bbbb7cddb2d
1,7,1,1,4,3,1,7,1,1,1,1,7,1,1,7,2,1,1,1,1,7,1,7,1,7,4,3,1,1,3,4,1,7,4,7,1,1,4,1,2.9,1.5333333333333334,2.4166666666666665,4.923076923076923,Mechanistic,60998233c673d76ccda7109e
1,6,1,3,2,3,2,4,1,3,5,4,4,2,2,5,2,2,2,2,4,7,3,5,2,7,7,5,1,2,5,2,2,7,1,2,3,3,6,4,3.35,3.066666666666667,3.0,4.0,Intentional,59bc26d53a9ab60001119700
1,7,1,1,1,1,1,6,1,1,1,1,1,1,1,7,1,1,3,1,1,7,1,4,1,7,1,1,1,1,1,7,1,4,7,6,1,1,7,1,2.5,1.0,1.9166666666666667,4.769230769230769,Functional,6111a1893c0daa13e23ab15a
2,5,3,3,5,4,3,6,2,4,4,4,5,3,3,6,5,4,6,2,4,7,2,7,2,7,6,3,4,4,4,5,4,5,6,6,3,3,5,3,4.225,3.2,4.333333333333333,5.3076923076923075,Intentional,663fc86d16f7bacf9bb69a20
1,4,1,1,2,1,3,7,1,1,1,1,3,1,1,5,4,1,1,1,1,7,1,3,1,7,3,1,1,2,3,2,1,7,1,7,1,1,5,3,2.475,1.2666666666666666,2.1666666666666665,4.153846153846154,Mechanistic,578673a9275be6000135880e
1,7,1,4,1,1,4,7,1,1,1,1,2,1,1,5,3,1,4,1,1,7,1,3,1,7,7,1,1,2,6,5,1,7,7,4,1,1,1,3,2.875,1.4,2.5833333333333335,4.846153846153846,Functional,63127690860023ab6b50a0b2
1,7,1,3,4,1,7,7,2,4,1,1,1,1,1,1,3,1,2,1,2,7,1,7,1,7,7,1,1,4,1,4,1,7,1,7,1,1,7,1,2.975,1.4666666666666666,2.5,5.153846153846154,Functional,6631dd70c1393b01137d8453
1,7,3,2,4,1,2,4,1,4,6,1,2,2,1,5,5,3,3,3,3,6,2,3,2,7,5,1,2,5,3,3,3,6,7,4,2,1,5,3,3.325,2.2,3.3333333333333335,4.615384615384615,Functional,611ff6cc935b6de3fff0b896
1,7,1,1,1,1,1,4,1,2,1,2,2,1,1,2,3,1,1,1,1,7,1,2,1,7,5,1,2,2,1,1,1,2,1,3,1,1,1,1,1.925,1.2,1.8333333333333333,2.8461538461538463,Intentional,652327ef464644857fe28d20
1,5,1,3,3,5,5,6,1,4,2,1,1,2,1,5,6,4,5,2,5,7,1,5,4,6,5,2,1,4,3,6,2,6,1,6,2,1,4,3,3.425,2.1333333333333333,3.75,4.615384615384615,Baseline,63b6d1b65929d005379f6689
1,6,1,2,1,1,1,4,1,4,1,2,2,1,4,6,4,2,1,1,1,4,1,4,1,4,6,2,4,2,2,4,1,4,6,6,1,1,6,2,2.7,1.7333333333333334,2.0,4.461538461538462,Intentional,59fda695ff266c0001d1f148
1,7,1,1,1,1,1,4,1,1,1,1,1,1,1,2,1,1,1,1,1,7,1,1,1,7,7,1,1,1,1,1,1,1,1,1,1,1,2,1,1.725,1.0,1.5,2.769230769230769,Functional,65623d8244773677e5cf050e
1,6,1,1,5,1,1,5,1,1,1,1,1,1,1,6,4,1,2,1,1,5,1,4,1,7,3,1,5,4,1,7,1,5,5,5,1,1,6,1,2.675,1.0,2.3333333333333335,4.923076923076923,Mechanistic,66a50528bda26954b4e43f96
1,4,1,1,2,1,1,4,1,2,1,2,2,1,1,3,2,1,1,1,1,4,1,2,1,5,4,1,1,1,1,2,1,4,2,4,1,1,1,1,1.8,1.2,1.5,2.769230769230769,Mechanistic,657f007d38e31904b66cc7ac
1,4,1,1,1,2,3,4,1,1,2,1,1,1,2,7,4,1,1,1,3,5,1,4,1,7,4,3,6,3,2,6,1,7,7,2,1,1,7,3,2.85,1.5333333333333334,2.3333333333333335,4.846153846153846,Functional,5c670a430d80fd00014264f9
1,7,1,1,1,1,1,7,1,1,1,1,1,1,1,1,1,1,1,1,1,7,1,7,1,7,3,1,1,5,1,1,1,7,1,7,1,1,6,1,2.325,1.0,2.3333333333333335,3.8461538461538463,Functional,614de6faf1af6a87e98a50bc
1,7,1,1,7,4,4,7,1,2,1,4,4,1,1,7,4,1,4,1,1,5,1,1,4,7,7,4,4,1,7,7,1,7,7,7,4,1,7,1,3.675,1.8666666666666667,3.0,6.384615384615385,Mechanistic,66f2bb7237f5e7fda3ac9365
1,6,1,1,2,1,7,6,1,1,1,1,1,1,1,7,5,4,4,1,2,7,1,6,1,7,7,1,5,3,4,6,1,7,7,6,1,1,4,1,3.275,1.0666666666666667,3.1666666666666665,5.923076923076923,Mechanistic,5ddafb0f2e4a05a5ff7759c9
1,7,1,1,6,3,4,6,1,5,1,4,6,3,1,6,5,1,2,2,5,7,1,4,2,7,7,5,5,5,5,5,3,7,6,6,1,1,7,6,4.025,2.8666666666666667,3.25,6.076923076923077,Intentional,66293c01f283b939dc9afa28
1,7,1,2,3,1,5,6,1,4,2,1,1,2,1,7,3,2,4,1,4,7,1,7,1,7,7,1,3,4,2,7,2,7,7,5,1,1,4,6,3.475,1.9333333333333333,2.9166666666666665,5.769230769230769,Functional,66be167970ec663346a03c6a
1,7,1,1,1,2,5,5,1,3,1,1,2,1,1,7,2,1,2,1,1,7,1,7,1,7,4,1,1,2,1,7,1,6,4,7,1,1,4,4,2.85,1.4,2.3333333333333335,5.0,Intentional,671865ac3a94e9d478286704
1,2,2,2,3,2,3,4,1,1,1,1,1,1,1,4,2,1,4,1,7,2,1,5,1,7,4,2,3,2,1,4,1,3,4,3,1,1,4,2,2.4,1.6,2.4166666666666665,3.3076923076923075,Mechanistic,65b549c67c7791499c09f8a2
1,7,1,1,1,1,1,5,1,1,1,1,1,1,1,7,2,1,1,1,1,7,1,4,1,7,4,2,2,1,2,5,1,7,7,2,1,1,7,2,2.55,1.1333333333333333,1.9166666666666667,4.769230769230769,Functional,5c2fae74d76cde0001c11590
1,5,2,1,6,3,2,5,1,3,1,1,3,3,1,4,2,1,3,1,1,6,1,4,1,7,3,2,1,3,3,5,1,6,7,4,1,1,3,3,2.8,1.4666666666666666,2.75,4.384615384615385,Intentional,6144834d136ed7f27d2dbe60
2,7,1,2,3,5,4,6,1,3,4,4,5,1,3,6,7,1,2,1,2,6,1,6,1,5,7,5,4,7,2,7,3,7,7,7,1,1,6,3,3.9,2.6666666666666665,3.25,5.923076923076923,Intentional,657db67fd0ee3e8c7342af47
1,1,1,1,1,1,1,3,1,1,1,1,3,1,1,4,1,1,1,1,1,6,1,1,1,7,4,1,1,1,2,2,1,5,1,4,1,1,1,1,1.75,1.1333333333333333,1.5833333333333333,2.6153846153846154,Functional,6722b825ac3ff9bc6b55e74a
1,4,1,1,2,3,1,4,1,2,3,1,5,4,1,6,1,1,1,1,2,7,1,3,2,7,4,4,3,1,4,2,1,7,6,4,5,4,4,3,2.95,2.1333333333333333,2.6666666666666665,4.153846153846154,Functional,5ba064c10d4416000157a224
1,7,1,1,1,1,1,7,1,1,1,1,1,1,1,7,1,1,4,1,1,5,1,1,1,7,5,1,1,1,1,7,1,7,4,7,1,1,7,1,2.55,1.0,1.75,5.076923076923077,Mechanistic,664d0465ca83ef2c9cd9fb9e
1,5,2,2,5,2,2,5,1,2,2,3,3,2,2,5,3,2,3,2,2,4,2,6,2,6,5,2,4,3,3,6,2,5,6,4,2,2,3,4,3.175,2.1333333333333333,3.0,4.538461538461538,Baseline,5fd2a35f9e48cd084b455fc9
1,3,1,1,2,3,1,2,1,4,1,4,3,1,1,4,4,1,4,1,4,4,1,2,1,5,4,1,1,1,2,4,1,5,4,3,1,1,1,1,2.25,1.7333333333333334,2.1666666666666665,2.923076923076923,Mechanistic,6638e6601cddfd62522b3913
1,7,1,1,4,1,1,5,1,1,1,1,2,1,1,6,2,1,1,1,1,7,1,6,1,6,2,1,3,3,1,5,1,6,6,5,1,1,4,1,2.55,1.0666666666666667,2.0833333333333335,4.6923076923076925,Mechanistic,5d74001d391b6600175f433b
1,6,2,1,4,2,5,7,1,4,1,2,6,2,1,7,3,3,2,1,2,7,1,6,2,7,5,2,2,4,2,7,3,7,6,6,1,2,7,4,3.6,2.2,2.9166666666666665,5.846153846153846,Functional,665d3b8935ef56ce74c4761f
1,7,1,1,2,4,1,5,1,3,1,1,4,1,1,7,4,1,6,1,1,7,2,3,1,7,5,6,1,1,2,2,1,7,2,6,1,1,1,2,2.8,1.8,2.6666666666666665,4.076923076923077,Functional,5995be89f9db7d0001895993
1,7,1,2,2,4,4,6,1,5,3,3,5,1,1,7,3,2,4,1,2,7,1,7,2,6,5,4,1,3,3,6,1,7,3,5,2,1,2,4,3.375,2.4,3.0833333333333335,4.769230769230769,Mechanistic,646ae503018c43cc5e033ae6
1,6,2,2,3,2,4,5,2,3,2,2,2,2,2,6,4,2,3,2,2,6,2,6,2,7,6,2,5,5,3,5,2,6,5,4,2,2,5,2,3.4,2.0,3.3333333333333335,5.076923076923077,Functional,646c323d73a3844a4331e09b
3,7,3,4,7,3,4,7,3,4,3,2,4,4,3,5,3,5,3,3,4,7,3,7,4,7,5,2,6,6,3,5,3,7,7,7,4,3,7,3,4.5,3.2,4.25,6.230769230769231,Intentional,67227b6a95c02df067984f28
1,7,1,2,5,1,6,7,1,6,1,2,4,2,1,7,5,2,4,1,4,7,2,6,2,7,7,5,2,5,2,7,1,6,6,5,1,1,7,4,3.825,2.466666666666667,3.0833333333333335,6.076923076923077,Intentional,6629442858ac993227d2a95d
1,4,1,1,4,1,1,4,1,1,1,1,2,1,1,4,2,1,1,1,1,5,1,4,1,7,6,1,1,1,2,7,1,4,4,4,1,1,1,1,2.2,1.0666666666666667,1.9166666666666667,3.769230769230769,Mechanistic,62e02c79a168409c22dc09cb
1,6,1,1,7,1,1,7,1,4,1,1,2,1,1,7,6,1,5,1,1,7,1,4,1,7,7,1,6,1,1,7,1,7,7,7,1,1,7,1,3.3,1.2666666666666666,2.5,6.384615384615385,Intentional,67180c619687ce86be82b29f
1,7,1,1,1,1,1,7,1,4,1,1,1,1,1,1,3,1,1,1,1,7,1,6,1,7,6,1,1,1,1,1,1,7,7,7,1,1,6,2,2.575,1.2666666666666666,2.0833333333333335,4.538461538461538,Intentional,5d21ea1ebf7f840001701986
1,6,1,1,3,1,1,4,1,2,1,1,1,1,1,7,1,1,1,1,1,6,1,6,1,7,4,1,1,4,1,4,1,4,1,5,1,1,1,1,2.225,1.0666666666666667,2.1666666666666665,3.6153846153846154,Mechanistic,5a91756d6475f900019f90f1
1,7,1,1,4,1,1,7,1,2,1,1,1,1,1,7,3,1,1,1,1,7,1,7,1,7,4,1,1,4,2,1,1,7,4,7,1,1,4,1,2.675,1.0666666666666667,2.5,4.6923076923076925,Functional,65106633d506473c1bc116ad
1,6,1,1,3,2,5,6,1,1,3,1,4,2,1,7,4,3,2,1,2,4,2,4,1,7,3,1,1,3,1,5,1,7,1,6,2,1,6,5,2.95,1.7333333333333334,2.6666666666666665,4.615384615384615,Functional,66cdf321b82cbd15e61473eb
1,6,1,2,1,1,3,4,1,4,1,3,1,1,1,3,1,1,1,1,1,5,1,2,1,7,2,1,1,3,2,4,1,2,6,4,1,1,3,3,2.225,1.5333333333333334,1.8333333333333333,3.3846153846153846,Baseline,5892c29539f3830001767be0
1,5,1,1,4,1,1,2,1,2,1,1,4,1,1,2,3,1,2,1,2,5,1,1,1,7,4,1,3,2,2,5,3,6,7,4,1,1,5,1,2.45,1.4666666666666666,1.9166666666666667,4.076923076923077,Baseline,60fdf104935a0ef0e93762b0
1,5,1,1,2,1,1,7,1,2,1,2,4,1,1,7,4,1,4,1,3,7,1,7,1,7,7,2,1,1,3,6,1,7,5,6,1,1,1,1,2.925,1.5333333333333334,2.6666666666666665,4.769230769230769,Baseline,63d3fbf6aca63e00ed85d00a
1,6,1,1,4,1,1,4,1,1,1,1,4,1,1,5,2,1,1,1,1,5,1,6,1,6,4,1,3,3,2,5,1,5,4,5,1,1,4,1,2.475,1.2,2.1666666666666665,4.230769230769231,Baseline,5dfac1ba83907981767ce907
1,5,1,1,2,1,4,5,1,1,1,3,4,1,1,6,1,1,1,1,1,6,1,3,1,7,5,2,3,1,2,4,1,5,5,5,1,1,2,2,2.5,1.4666666666666666,1.75,4.384615384615385,Baseline,66fe8d29dad24a428a3120e9
1,7,1,1,4,2,4,7,1,3,1,1,2,1,1,5,4,1,4,1,1,7,1,4,1,7,5,1,3,4,2,7,1,7,4,7,1,1,4,1,3.025,1.2,2.6666666666666665,5.461538461538462,Functional,6643b96e963b9b0cf7d216f3
1,6,1,1,5,7,2,7,1,1,1,1,5,1,1,6,7,1,2,1,3,7,1,5,1,7,7,2,2,5,5,7,1,7,2,7,1,1,3,4,3.4,1.6666666666666667,3.5833333333333335,5.230769230769231,Baseline,671a309ccc15175f5a179649
1,7,6,6,6,6,6,7,6,6,6,4,6,6,6,6,7,6,6,6,6,7,6,6,6,7,7,6,6,6,6,7,6,7,7,7,6,6,6,6,6.075,5.533333333333333,6.166666666666667,6.615384615384615,Mechanistic,66de057ab63a3138342ab763
1,7,1,1,7,2,1,6,1,1,1,1,1,1,1,6,4,1,1,1,4,7,1,5,1,7,7,1,1,1,7,6,2,7,6,7,1,1,5,1,3.1,1.2666666666666666,2.6666666666666665,5.615384615384615,Functional,660999992bdba3d31cb0f463
1,6,1,1,3,1,1,5,1,4,1,1,1,1,1,5,3,1,2,1,3,7,1,5,1,7,7,4,1,4,3,3,1,6,4,5,1,1,1,1,2.675,1.5333333333333334,2.5,4.153846153846154,Baseline,664b72197e46681ab18de331
1,7,1,1,2,1,1,7,1,3,1,2,4,1,1,4,2,1,1,1,1,7,1,1,1,7,4,1,3,1,2,2,1,7,7,7,1,1,4,4,2.65,1.6,1.6666666666666667,4.769230769230769,Intentional,67164d40becf6c95181afe97
1,7,1,1,6,1,1,7,1,1,1,1,4,1,1,7,5,1,4,1,1,7,1,7,1,7,7,1,4,4,1,7,1,7,6,7,1,1,7,4,3.375,1.4,2.8333333333333335,6.153846153846154,Baseline,6562177a48308eebbb6359ea
1,7,1,1,7,1,1,7,1,4,1,1,4,1,1,4,5,1,7,1,1,7,1,7,1,7,7,1,1,1,1,1,1,7,7,7,1,1,7,1,3.125,1.4,2.8333333333333335,5.384615384615385,Mechanistic,63bc6b49a80cc5496df4c897
1,5,1,1,1,2,4,6,1,2,2,4,2,1,1,4,3,1,3,1,1,7,1,4,1,5,4,3,1,1,3,7,1,5,1,6,1,1,7,4,2.75,1.7333333333333334,2.1666666666666665,4.461538461538462,Baseline,65d198a2d007f5631ea8fe6a
1,5,1,2,5,2,2,6,1,4,2,2,6,2,1,7,5,2,6,1,2,6,1,6,2,7,6,2,4,4,2,7,2,7,4,6,2,2,6,2,3.575,2.1333333333333333,3.3333333333333335,5.461538461538462,Functional,66ab8d09e2d15a9d8e40d9b0
1,7,1,1,3,1,1,7,1,1,1,1,4,1,1,7,5,1,1,1,1,4,1,7,1,7,5,1,1,1,1,5,1,7,7,7,1,1,1,1,2.7,1.2,2.3333333333333335,4.769230769230769,Baseline,60ff7e913a2ea98fff1d0cf3
1,7,3,1,6,1,3,5,1,3,1,1,7,1,1,7,3,1,4,4,1,7,1,6,1,6,7,6,1,1,1,7,1,7,7,1,1,1,1,1,3.15,1.8666666666666667,2.6666666666666665,5.076923076923077,Intentional,66d0d50958e3321c3e2ea453
1,7,1,1,6,2,5,6,1,5,1,1,2,4,1,7,5,2,4,1,1,7,1,7,1,7,4,1,4,7,4,5,1,7,7,4,1,1,3,5,3.525,1.6,3.75,5.538461538461538,Baseline,6234c08d8ca96438af2c7f44
1,6,1,1,1,1,5,6,1,1,1,4,5,1,1,6,1,3,4,1,1,7,1,5,1,6,5,1,5,1,1,1,2,6,5,6,2,1,1,1,2.75,1.5333333333333334,2.25,4.615384615384615,Mechanistic,672aa1d6adff363c5a26f9d5
1,6,1,4,6,2,5,6,1,5,3,5,1,6,6,7,5,6,5,1,7,5,4,7,3,7,7,3,3,5,1,5,4,5,3,7,2,2,2,5,4.225,3.6,4.0,5.153846153846154,Intentional,66d13205a7d03cb99053fea4
1,6,1,1,4,1,1,4,1,4,1,1,1,1,1,6,4,1,1,1,1,7,1,2,1,5,4,1,5,4,1,4,1,7,6,4,1,1,4,1,2.575,1.2,1.9166666666666667,4.769230769230769,Baseline,65cce024500351e8c8f7ff26
1,1,1,1,1,1,1,7,1,1,1,1,1,1,1,7,1,1,4,1,1,7,1,1,1,7,1,1,1,1,1,7,1,7,4,7,1,1,7,1,2.35,1.0,1.75,4.461538461538462,Mechanistic,67156e0ba6861549e92aa891
1,6,1,1,5,1,1,6,1,3,1,1,1,1,1,7,4,1,1,1,1,4,1,5,1,7,3,1,4,1,1,4,1,3,7,5,1,1,5,1,2.55,1.1333333333333333,2.0833333333333335,4.615384615384615,Intentional,6431a039ddca4f4c86f68b05
1,1,1,1,2,1,5,4,1,1,1,1,1,1,1,7,3,1,1,1,1,7,1,6,1,7,6,3,1,4,1,4,1,7,4,5,1,1,1,1,2.475,1.1333333333333333,2.3333333333333335,4.153846153846154,Mechanistic,5a9998a14eecca0001dd791e
1,7,1,2,6,3,4,6,1,3,2,2,3,2,1,4,3,7,4,2,2,7,1,7,1,7,7,2,2,7,4,7,1,7,3,7,1,1,4,2,3.6,1.6666666666666667,4.0,5.461538461538462,Intentional,66b3e1a7d4c519830e80bba1
1,6,1,1,1,2,2,5,1,1,1,2,2,1,1,7,4,1,4,1,1,7,2,5,1,7,4,1,1,3,1,5,1,6,6,6,1,1,2,1,2.675,1.2,2.5833333333333335,4.461538461538462,Functional,60870dd7e185006f4bc26266
1,7,1,1,1,1,1,7,1,6,1,1,1,1,1,7,1,1,1,1,1,7,1,7,1,7,6,1,1,1,1,1,1,7,1,7,1,1,1,1,2.45,1.3333333333333333,2.0,4.153846153846154,Mechanistic,6682e7ade48a5b1915f6f783
1,2,1,1,5,1,4,6,1,1,1,5,2,1,2,6,4,2,2,1,2,7,1,6,1,7,7,4,1,2,1,1,1,5,5,6,1,2,3,3,2.875,1.8666666666666667,2.4166666666666665,4.461538461538462,Functional,6709224f70eacdb20761ae3c
1,7,1,1,6,1,4,1,1,5,1,1,7,1,1,1,7,1,7,1,1,5,1,7,1,7,5,1,6,6,1,6,1,7,3,2,1,1,6,4,3.2,1.8666666666666667,3.4166666666666665,4.538461538461538,Intentional,58380cb9f1faf8000129673a
